,0
0,"Keratin 8 is a major component of intermediate filaments in single-layered epithelia of the gastrointestinal tract. Keratin 8 deficient mice display signs of colitis and diarrhoea characteristic for inflammatory bowel disease. Very recently, two keratin 8 mutations, Y54H and G62C, were identified. We investigated if these keratin 8 missense mutations were associated with inflammatory bowel disease. In total, 217 German patients with Crohn' s disease, 131 German patients with ulcerative colitis, and 560 German control subjects were enrolled in this study. Samples were analysed by PCR amplification and subsequent melting curve analysis using fluorescence resonance energy transfer probes. The G62C mutation was detected in five (2.3%) patients presenting with Crohn's disease and in three (2.3%) with ulcerative colitis. In comparison, 9 (1.6%) out of 560 controls were heterozygous for this mutation. No patient or control was homozygous for this mutation. Patients carrying one mutant allele did not show any noticeable characteristics in their corresponding phenotype. In contrast, the Y54H mutation was observed in neither any of the 348 patients with inflammatory bowel disease nor in any control subject.
Our data indicate that both keratin 8 mutations, G62C and Y54H, do not play a relevant pathogenic role in inflammatory bowel disease."
1,"Tamoxifen (TAM), a nonsteroidal anticancer agent, is used in the treatment of breast cancer. In the current study, we investigated whether TAM induces apoptosis in tumor cells by altering the expression of Fas and Fas ligand (FasL). Several tumor cell lines were used to test the ability of TAM to induce apoptosis, which was studied using the TUNEL assay. The effect of TAM on the expression of Fas and FasL was analyzed using a flow cytometer. TAM was found to suppress the growth of an estrogen receptor-positive human mammary tumor cell line (T-47D) by inducing apoptosis. Interestingly, TAM also induced apoptosis in an estrogen receptor-negative murine T cell lymphoma cell line, EL-4. The ability of TAM to induce apoptosis in T-47D and EL-4 tumor cells correlated with the increased expression of FasL but not Fas on the tumor cells. Similar to TAM, a metalloproteinase (MP) inhibitor, which is known to increase the expression of membrane-bound FasL, was found to induce apoptosis in both T-47D and EL-4 tumor cells by increasing the expression of FasL but not Fas. Furthermore, both TAM and the MP inhibitor failed to induce apoptosis in L1210 tumor cell lines that failed to express FasL.
The current study demonstrates that TAM can induce apoptosis in Fas(+) tumor cells by upregulating FasL."
2,"This study investigated the antiviral efficacy and safety of telbivudine in combination with pegylated interferon (PegIFN) alpha-2a in chronic hepatitis B (CHB) patients. This was a randomized, open-label, multicentre study, in treatment-naïve patients with HBeAg-positive CHB, comparing the efficacy and safety of telbivudine in combination with PegIFN alpha-2a with telbivudine monotherapy and PegIFN alpha-2a monotherapy. The study was terminated early due to increased rates of peripheral neuropathy in the combination-therapy group. Of the 159 patients randomized (from 300 planned) 50 were assigned to combination therapy, 55 to telbivudine, 54 to PegIFN, and 110 (18, 49, and 43, respectively) reached week 24. Peripheral neuropathy occurred in 7/50, 1/54, and 0/54 patients in the three groups of safety populations, respectively. No relationship between the occurrence of peripheral neuropathy and other variables (e.g., pharmacokinetic data, treatment efficacy, ALT levels, creatine kinase elevations) were observed. At week 24, undetectable HBV DNA (<300 copies/ml) was achieved by 71% (12/17), 35% (17/48), and 7% (3/42) of patients, with available data receiving combination therapy, telbivudine monotherapy and PegIFN monotherapy, respectively (p = 0.022 for combination therapy vs. telbivudine; p<0.0001 for combination therapy vs. PegIFN).
Combination therapy carried an increased risk of peripheral neuropathy. Despite the rapid and profound reductions in HBV DNA levels, combination therapy with telbivudine and PegIFN should not be used."
3,"Monocyte chemoattractant protein-1 (MCP-1) is a potent chemokine and plays an important role in atherosclerosis of Type 2 diabetes. The aim of this study was to investigate the methylation status of CpG sites in the MCP-1 promoter in Type 2 diabetic patients and its correlation to serum MCP- 1 level, and blood glucose level. The 32 patients with Type 2 diabetes and 15 healthy controls were enrolled into the study. Bodymass index, blood pressure, blood lipid, blood glucose, glycosylated hemoglobin (HbA1c), and serum MCP-1 were measured. Genomic DNA was isolated fromthe peripheral blood mononuclear cells (PBMC). Methylation status of CpG sites in theMCP-1 promoter was determined using methylation specific polymerase chain reaction. The promoter region (2890-3050 bp) was predominantly methylated in PBMC from controls.Methylation of CpGmotifs were less methylated in the patients than in the controls (25% vs 80%; p<0.001), while the level of MCP-1 in serum was higher in patients with Type 2 diabetes (193.95±74.96 vs 88.46±55.10; p<0.001). MCP-1 promoter methylation was significantly correlated to serum MCP-1, HbA1c, fasting blood glucose, and triglyceride.
These data suggest that hypomethylation of CpG sites in the MCP-1 promoter region may be affected by blood glucose and TG, which then increase the serum MCP-1 level and may play a role in the vascular complications of Type 2 diabetes."
4,"To analyze the characteristics of visits to the emergency services that result from falls and to identify the factors associated with these visits. A cross-sectional study of 12,617 visits that resulted from falls, recorded in the National Injury Surveillance System, was carried out. The data were collected in 23 Brazilian capitals and the Federal District between September and November 2009 using cluster sampling. Correspondence analysis was used, which allowed for the joint observation of a large number of qualitative variables. Most of the victims were male (56.5%), aged 0 to 19 years (45.7%), and identified as non-white skin color (62.2%). The majority of the falls occurred at home (54.6%) and in the street (17.4%); 14.3% were work-related. The predominant types were ""falls on the same level"" (57.0%) and ""falls from a ladder/step"" (15.6%). Most of the injuries were classified as sprains, dislocations, bruises, cuts, or lacerations (68.3%). Falls among children occurred mostly at home; among adolescents at school; and among young people at sports facilities. Falls among adults were associated with the work place, including falls from scaffolding, roofs, stairs/steps, and holes and were linked to alcohol use. Falls on the same level resulted in less serious injuries, mostly on the upper and lower limbs, and falls from scaffolding and roofs were associated with more severe injuries and hospitalization.
The results show that strategies to prevent falls should target residences, schools, and work environments."
5,"Recent studies suggest a close local link between bone marrow adiposity and endosteal bone formation. Using magnetic resonance imaging, we examined whether the relation between the amount of marrow fat and cortical bone is present at multiple sites along the diaphyses of the long bones of young and old males and females. The relations between values for cortical bone area and percent marrow fat in each 5-mm section along the midthird of both femoral shafts were determined using magnetic resonance imaging in eight healthy young (aged <25 yr), and nine healthy old (aged >55 yr) men and women. Strong inverse correlations were observed between values for cortical bone area and percent marrow fat along the shafts of all 34 femurs; r values between -0.54 to -0.97; all P values = 0.01-0.0001. The strength of this local association was comparable in the young and the elderly and in males and females.
Our results underscore the strength of the local connections between bone and marrow adiposity. Increasing our understanding of the mechanism for this association could lead to better diagnosis and treatment approaches for osteoporosis."
6,"To evaluate the efficacy of Bawu Decoction (, BWD, Palmul-tang in Korean) against benign prostatic hyperplasia (BPH). Twenty-four male Wistar rats were divided into 4 groups, with 6 rats in each group. The 4 study groups included sham-operated group (CON), BPH model group, fifinasteride-treated group, and BWD-treated group. All the groups except CON group received a subcutaneous injection of 10 mg/kg of testosterone, while CON group received saline. Finasteride at a dose of 5 mg/kg was administered to the finasteride-treated group for a period of 4 weeks. BWD group received BWD at a dose of 200 mg/kg for 4 weeks. The prostatic weight, prostate weight to body weight ratio, relative prostate weight ratio, serum testosterone and dihydrotestosterone (DHT) level, and histological analysis of prostatic tissue were analyzed. Compared to BPH model group, BWD administration was associated with reductions in prostatic weight, prostate and relative prostate weight ratio weight to body weight ratio (P<0.05). The concentration of serum testosterone and DHT were higher in BPH group compared with CON group (P<0.05). Administration of finasteride and BWD suppressed the elevation of serum testosterone and DHT levels signifificantly (both P<0.05). In addition, BWD suppressed the growth of prostatic tissue (P<0.05).
BWD has suppressant effects on development of BPH through inhibition of serum testosterone and DHT."
7,"To assess the long-term prognostic values of baseline demographic data, occurrence of vectorcardiographic signs of reperfusion, left ventricular function and coronary angiographic features. Longitudinal study of morbidity and mortality. Coronary care unit at Danderyd Hospital, Stockholm, Sweden. A total of 222 patients (mean age 61 years) with a suspected acute myocardial infarction treated with thrombolysis were investigated and followed for 2-5 years (mean 1216 days). Death or a new myocardial infarction. Age above 55 years (P < 0.05), a previous diagnosis of diabetes mellitus (P < 0.005), hypertension (P < 0.05), heart failure (P < 0.001) and myocardial infarction (P < 0.05), a previous use of beta-blockers (P < 0.05) and an ejection fraction below 60% (P < 0.01) were predictors for death or a new myocardial infarction in univariate analysis. Sex, a previous history of smoking or angina pectoris, vectorcardiographic signs of reperfusion or degree of coronary artery disease had no prognostic values. In multivariate analysis including age above 55 years, a previous diagnosis of diabetes mellitus, hypertension and myocardial infarction, and an ejection fraction below 60%, only age (P < 0.05), diabetes mellitus (P < 0. 01) and ejection fraction (P < 0.05) were predictors for death or a new myocardial infarction.
The results of the present study emphasize the importance of diabetes mellitus as a long-term prognostic risk factor in patients with myocardial infarction treated with thrombolysis. Further studies are needed to determine the mechanisms behind this increased risk."
8,"Cobalamin deficiency is prevalent in vegetarians and has been associated with increased risk of osteoporosis. To examine the association between cobalamin status and bone mineral density in adolescents formerly fed a macrobiotic diet and in their counterparts. In this cross-sectional study bone mineral density (BMD) and bone mineral content (BMC) were determined by DEXA in 73 adolescents (9-15 y) who were fed a macrobiotic diet up to the age of 6 years followed by a lacto-(-ovo-) vegetarian or omnivorous diet. Data from 94 adolescents having consumed an omnivorous diet throughout their lives were used as controls. Serum concentrations of cobalamin, methylmalonic acid (MMA) and homocysteine were measured and calcium intake was assessed by questionnaire. Analysis of covariance (MANCOVA) was performed to calculate adjusted means for vitamin B12 and MMA for low and normal BMC and BMD groups. Serum cobalamin concentrations were significantly lower (geometric mean (GM) 246 pmol/L vs. 469 pmol/L) and MMA concentrations were significantly higher (GM 0.27 micromol/L vs. 0.16 micromol/L) in the formerly macrobiotic-fed adolescents compared to their counterparts. In the total study population, after adjusting for height, weight, bone area, percent lean body mass, age, puberty and calcium intake, serum MMA was significantly higher in subjects with a low BMD (p = 0.0003) than in subjects with a normal BMD. Vitamin B12 was significantly lower in the group with low BMD (p = 0.0035) or BMC (p = 0.0038) than in the group with normal BMD or BMC. When analyses were restricted to the group of formerly macrobiotic-fed adolescents, MMA concentration remained higher in the low BMD group compared to the normal BMD group.
In adolescents, signs of an impaired cobalamin status, as judged by elevated concentrations of methylmalonic acid, were associated with low BMD. This was especially true in adolescents fed a macrobiotic diet during the first years of life, where cobalamin deficiency was more prominent."
9,"Telomere length must be maintained throughout cancer cell progression and proliferation. In most tumours, telomerase activity maintains telomere length. Therefore, telomerase is a target for cancer treatments. However, some cancer cells maintain telomere length through an alternative mechanism termed 'alternative lengthening of telomeres'. To determine how telomerase inhibition relates to the initiation of the alternative lengthening of telomeres pathway, we investigated telomerase activity and telomere maintenance in Hep-2 cells with and without reduced telomerase activity. We investigated telomerase activity levels in a normal Hep-2 cell line and in residual cells following telomerase inhibition treatment. Additionally, we looked for expression of a marker protein for the alternative lengthening of telomeres mechanism.
In the residual cells, telomerase activity was eliminated. However, these cells had higher levels of the alternative lengthening of telomeres biomarker, suggesting an alternative mechanism for telomere maintenance following telomerase inhibition. These results could have a major impact on the design of new cancer treatments."
10,"Promoter methylation is associated with gene repression; however, little is known about its mechanism. It was proposed that the repression of methylated genes is achieved through the recruitment of methyl binding proteins (MBPs) that participate in closing the chromatin. An alternative mechanism suggests that methylation interferes with the binding of either site specific activators or more general activators that bind to the CpG dinucleotide. However, the relative contribution of these two mechanisms to gene repression is not known. Bioinformatics analyses of genome-wide transcriptome and methylome data support the latter hypothesis by demonstrating a strong association between transcription and the number of unmethylated CpGs at the promoter of genes lacking CpG islands.
Our results suggest that methylation represses gene expression mainly by preventing the binding of CpG binding activators."
11,"To explore the potential correlation between insulin-like growth factor receptor-1 (IGF-1R) expression and rectal cancer radiosensitivity. Eighty-seven rectal cancer patients (cTNM I-III) treated in our department between January 2011 and December 2012 were enrolled. All subjects were treated with preoperative radiotherapy and radical resection of rectal carcinoma. Immunohistochemistry and reverse transcription polymerase chain reaction (RT-PCR) were performed to detect IGF-1R expression in pre-treatment and postoperative colorectal cancer specimens. Radiosensitivity for rectal cancer specimens was evaluated by observing rectal carcinoma mass regression combined with fibrosis on HE staining, degree of necrosis and quantity of remaining tumor cells. The relative IGF-1R expression was evaluated for association with tumor radiosensitivity. Immunohistochemistry showed diffuse IGF-1R staining on rectal cancer cells with various degrees of signal density. IGF-1R expression was significantly correlated with cTNM staging (P = 0.012) while no significant association was observed with age, sex, tumor size and degree of differentiation (P = 0.424, 0.969, 0.604, 0.642). According to the Rectal Cancer Regression Grades (RCRG), there were 31 cases of RCRG1 (radiation sensitive), 28 cases of RCRG2 and 28 cases of RCRG3 (radiation resistance) in 87 rectal cancer subjects. IGF-1R protein hyper-expression was significantly correlated with a poor response to radiotherapy (P < 0.001, r = 0.401). RT-PCR results from pre-radiation biopsy specimens also showed that IGF-1R mRNA negative group exhibited a higher radiation sensitivity (P < 0.001, r = 0.497). Compared with the pre-radiation biopsy specimens, the paired post-operative specimens showed a significantly increased IGF-1R protein and mRNA expression in the residual cancer cells (P < 0.001, respectively).
IGF-1R expression level may serve as a predictive biomarker for radiosensitivity of rectal cancer before preoperative radiotherapy."
12,"Alcohol consumption during pregnancy can induce a wide spectrum of adverse effects in offspring. Microcephaly and mental retardation are two major defects of central nervous system (CNS). Most mechanism studies of alcohol-related CNS defects have been focused on the morphologically abnormal tissues, and more attention has been paid to nuclear alteration as opposed to organelle development. A mouse model of fetal alcohol syndrome (FAS) was used to investigate the effect of alcohol on fetal cerebral mitochondria development. Pregnant mice were given different doses of ethanol intragastrically from GD6 to GD15. Fetal cerebral mitochondria were isolated and analyzed on GD18. Excessive cell apoptosis was found in the cerebra of prenatal alcohol exposure fetuses. Proliferation and differentiation of fetal cerebral mitochondria were inhibited by alcohol. Affected mitochondrial volume constriction and adenosine triphosphate (ATP) accumulation, reduced activities of respiratory chain complex I and IV and ATP synthase were detected in the cerebral tissue without obvious malformed appearance.
Impaired mitochondria development plays a role in the CNS defects induced by prenatal alcohol exposure."
13,"To compare methods for analysis of longitudinal studies with missing data due to participant dropout and follow-up truncated by death. We analyzed physical functioning in an Australian longitudinal study of elderly women where the missing data mechanism could either be missing at random (MAR) or missing not at random (MNAR). We assumed either an immortal cohort where deceased participants are implicitly included after death or a mortal cohort where the target of inference is surviving participants at each survey wave. To illustrate the methods a covariate was included. Simulation was used to assess the effect of the assumptions. Ignoring attrition or restricting analysis to participants with complete follow up led to biased estimates. Linear mixed model was appropriate for an immortal cohort under MAR but not MNAR. Linear increment model and joint modeling of longitudinal outcome and time to death were the most robust to MNAR. For a mortal cohort, inverse probability weighting and multiple imputation could be used, but care is needed in specifying dropout and imputation models, respectively.
Appropriate analysis methodology to deal with attrition in longitudinal studies depends on the target of inference and the missing data mechanism."
14,"GATA transcription factors are essential for self-renewal of the small intestinal epithelium. Gata4 is expressed in the proximal 85% of small intestine while Gata6 is expressed throughout the length of small intestine. Deletion of intestinal Gata4 and Gata6 results in an altered proliferation/differentiation phenotype, and an up-regulation of SAM pointed domain containing ETS transcription factor (Spdef), a transcription factor recently shown to act as a tumor suppressor. The goal of this study is to determine to what extent SPDEF mediates the downstream functions of GATA4/GATA6 in the small intestine. The hypothesis to be tested is that intestinal GATA4/GATA6 functions through SPDEF by repressing Spdef gene expression. To test this hypothesis, we defined the functions most likely regulated by the overlapping GATA6/SPDEF target gene set in mouse intestine, delineated the relationship between GATA6 chromatin occupancy and Spdef gene regulation in Caco-2 cells, and determined the extent to which prevention of Spdef up-regulation by Spdef knockout rescues the GATA6 phenotype in conditional Gata6 knockout mouse ileum. Using publicly available profiling data, we found that 83% of GATA6-regulated genes are also regulated by SPDEF, and that proliferation/cancer is the function most likely to be modulated by this overlapping gene set. In human Caco-2 cells, GATA6 knockdown results in an up-regulation of Spdef gene expression, modeling our mouse Gata6 knockout data. GATA6 occupies a genetic locus located 40 kb upstream of the Spdef transcription start site, consistent with direct regulation of Spdef gene expression by GATA6. Prevention of Spdef up-regulation in conditional Gata6 knockout mouse ileum by the additional deletion of Spdef rescued the crypt cell proliferation defect, but had little effect on altered lineage differentiation or absorptive enterocytes gene expression.
SPDEF is a key, immediate downstream effecter of the crypt cell proliferation function of GATA4/GATA6 in the small intestine."
15,"Nasal congestion is the most troublesome symptom associated with a variety of upper airway diseases, including allergic rhinitis and the common cold. A better understanding of the mechanisms that regulate nasal cavity caliber may engender the development of novel treatment strategies. It is well accepted that alpha-adrenergic (both alpha(1) and alpha(2)) mechanisms play a fundamental role in the control and maintenance of basal nasal patency. JP-1302 is a selective alpha(2c)-subtype antagonist that has been recently described in the scientific literature. Thus, we sought to examine the potential effects of this new pharmacological tool on basal nasal patency. Using acoustic rhinometry, we studied the activity of the selective alpha(2c)-antagonist JP-1302 on nasal cavity volumes in an anesthetized cat. Cumulative concentrations of JP-1302 were applied directly into the right nasal cavity. Changes in the nasal cavity geometry of the drug-treated naris relative to the untreated left nasal cavity were determined. In separate studies, the nonselective alpha(2)-antagonist yohimbine and the nonselective alpha(1)-antagonist prazosin were run as comparators. Systolic blood pressure was measured at the hind leg, using an ultrasonic Doppler flow detector. JP-1302 (0.03, 0.1, 0.3 and 1.0%) administered by the intranasal route decreased nasal cavity volumes from baseline values by 17, 25, 40 and 40%, respectively. Yohimbine (0.03, 0.1, 0.3 and 1.0%) decreased volumes by 19, 36, 46 and 53%, and topical administration of the nonselective alpha(1)-antagonist prazosin (0.001, 0.003, 0.01, 0.03 and 0.1%) decreased volumes by 6, 47, 56, 64 and 71%, respectively. JP-1302, yohimbine and prazosin, at the dose level tested, did not alter the blood pressure.
The present set of experiments indicates that both alpha(1)- and alpha(2)-adrenergic receptors are involved in the maintenance of basal nasal patency in the cat. Moreover, alpha(2c)-receptors may play a significant role in the sympathetic control of upper airway function."
16,"The growth hormone/insulin-like growth factor I (GH/IGF-I) axis has been linked to prostate cancer (PCa) risk. Although previous studies indicate that human breast cancers and a murine PCa model develop more slowly in murine hosts homozygous for a missense mutation in the GH-releasing hormone receptor (lit/lit) whose ""little"" dwarfed phenotype is caused by suppressed GH and IGF-I production, the role of these two hormones remains controversial. To assess how the GH/IGF-I axis influences androgen-responsive, castration-resistant (CR), and androgen-independent (AI) growth of human PCa, we compared xenograft growth of the androgen-responsive human PCa cells, LNCaP, and AI human PCa cells, PC3, in intact and castrate Nod/SCID lit/lit and lit/+ mice, and in vitro growth of these cell lines in lit/lit and lit/+ serum-containing media supplemented with GH or IGF-I. Tumor growth and PSA accumulation rates were suppressed in LNCaP tumor-bearing lit/lit mice pre- and post-castration. Growth of PC3 xenografts in lit/lit mice was also suppressed. In vitro proliferation of LNCaP and PC3 cells cultured in media containing lit/lit mouse serum was decreased as compared to growth in media containing lit/+ serum. Suppressed growth in lit/lit serum could be restored by the addition of IGF-I, and to a lesser extent, GH. Differences in growth correlated with differences in steady-state AKT and ERK1/2 activation.
This study demonstrates that circulating GH and IGF-I can promote androgen-responsive growth, CR progression, and AI expansion of PTEN-deficient human PCa cell xenografts and indicates that IGF-I can promote PCa growth in a suppressed GH environment."
17,"To determine whether baseline anxiety and social stressors as well their early change (first 3 months) predict 12-month depression and pain severity. We analyzed data from the Stepped Care for Affective Disorders and Musculoskeletal Pain study, a randomized clinical trial of a combined medication-behavioral intervention for primary care patients with chronic musculoskeletal pain and depression. Using multivariable linear regression modeling, we examined the independent association of baseline anxiety and social stressors with depression and pain severity at 12 months. In addition, we modeled whether changes in anxiety and social stressors predicted 12-month depression and pain severity. Overall, the sample (N=250) was 52.8% women with a mean age of 55.5 years, and a racial distribution of 60.4% white, 36.4% black, and 3.2% other. Depression and pain were moderately severe at baseline (mean SCL-20 depression=1.9 and Brief Pain Inventory pain severity=6.15) and similar across intervention and usual care arms. Baseline anxiety symptoms predicted both depression (t score=2.13, P=0.034) and pain severity (t score=2.75, P=0.007) at 12 months. Also, early change in anxiety predicted 12-month depression (t score=-2.47, P=0.014), but not pain. Neither baseline nor early change in social stressors predicted depression or pain severity.
Anxiety, but not social stressors predict 12-month depression and pain severity. The presence of comorbid anxiety should be considered in the assessment and treatment of patients with musculoskeletal pain and depression, particularly as a factor that may adversely affect treatment response."
18,"Melatonin, an indolamine produced and secreted predominately by the pineal gland, exhibits a variety of physiological functions, possesses antioxidant and antitumor properties. But, the mechanisms for the anti-cancer effects are unknown. The present study explored the effects of melatonin on the migration of human lung adenocarcinoma A549 cells and its mechanism. MTT assay was employed to measure the viability of A549 cells treated with different concentrations of melatonin. The effect of melatonin on the migration of A549 cells was analyzed by wound healing assay. Occludin location was observed by immunofluorescence. The expression of occludin, osteopontin (OPN), myosin light chain kinase (MLCK) and phosphorylation of myosin light chain (MLC), JNK were detected by western blots. After A549 cells were treated with melatonin, the viability and migration of the cells were inhibited significantly. The relative migration rate of A549 cells treated with melatonin was only about 20% at 24 h. The expression level of OPN, MLCK and phosphorylation of MLC of A549 cells were reduced, while the expression of occludin was conversely elevated, and occludin located on the cell surface was obviously increased. The phosphorylation status of JNK in A549 cells was also reduced when cells were treated by melatonin.
Melatonin significantly inhibits the migration of A549 cells, and this may be associated with the down-regulation of the expression of OPN, MLCK, phosphorylation of MLC, and up-regulation of the expression of occludin involving JNK/MAPK pathway."
19,"Transforming growth factor (TGF)-beta has a central role in driving many of the pathological processes that characterize pulmonary fibrosis. Inhibition of the integrin alpha(v)beta6, a key activator of TGF-beta in lung, is an attractive therapeutic strategy, as it may be possible to inhibit TGF-beta at sites of alpha(v)beta6 up-regulation without affecting other homeostatic roles of TGF-beta. To analyze the expression of alpha(v)beta6 in human pulmonary fibrosis, and to functionally test the efficacy of therapeutic inhibition of alpha(v)beta6-mediated TGF-beta activation in murine bleomycin-induced pulmonary fibrosis. Lung biopsies from patients with a diagnosis of systemic sclerosis or idiopathic pulmonary fibrosis were stained for alpha(v)beta6 expression. A range of concentrations of a monoclonal antibody that blocks alpha(v)beta6-mediated TGF-beta activation was evaluated in murine bleomycin-induced lung fibrosis. Alpha(v)beta6 is overexpressed in human lung fibrosis within pneumocytes lining the alveolar ducts and alveoli. In the bleomycin model, alpha(v)beta6 antibody was effective in blocking pulmonary fibrosis. At high doses, there was increased expression of markers of inflammation and macrophage activation, consistent with the effects of TGF-beta inhibition in the lung. Low doses of antibody attenuated collagen expression without increasing alveolar inflammatory cell populations or macrophage activation markers.
Partial inhibition of TGF-beta using alpha(v)beta6 integrin antibodies is effective in blocking murine pulmonary fibrosis without exacerbating inflammation. In addition, the elevated expression of alpha(v)beta6, an activator of the fibrogenic cytokine, TGF-beta, in human pulmonary fibrosis suggests that alpha(v)beta6 monoclonal antibodies could represent a promising new therapeutic strategy for treating pulmonary fibrosis."
20,"To study the effect of 2,3,5-Trimethyl-6-(12-hydroxy-5,10-dodecadiynyl)-1,4-benzoquinone (AA-861) on intercellular adhesion molecule 1 (ICAM-1) and P-selectin expression, leukotriene B4 (LTB4) level, and myeloperoxidase (MPO) activity 24 hours after traumatic brain injury (TBI). This study was carried out in the laboratory of the Department of Clinical Pharmacology, Osmangazi University, Eskisehir, Turkey in 2006. Traumatic brain injury was induced in 2 sets of animals using Feeney`s weight-drop method. The first set was used to study the expression of ICAM-1, P-selectin, CD11a, and mouse anti-rat granulocyte monoclonal antibody (HIS48). The second was used to study tissue changes in LTB4 level, and MPO activity. The rats were sacrificed at 0.5, 4, 24, 48, and 72 hours post-injury. Intercellular adhesion molecule (p=0.000001) and P-selectin expression (p=0.00002) peaked at 24 hours, remained high at 48 hours (p=0.00012 for ICAM-1, and p=0.00002 for P-selectin), and 72 hours (p=0.000008 for ICAM-1, p=0.0011 for P-selectin). The HIS48 intensity was significantly increased at 24-72 hours (p=0.022), while the intensity of CD11a became significant only at 72 hours (p=0.040). Myeloperoxidase activity increased notably at 24 hours (p=0.00077), and peaked at 48 hours (p=0.00001). The LTB4 increased markedly at 4 hours (p=0.000004), and peaked at 24 hours (p=0.000001). Pretreatment with AA-861 considerably suppressed the expression of ICAM-1 (p=0.0053), and P-selectin (p=0.0018) on microvascular endothelium, and lowered MPO activity (p=0.0007), and LTB4 level (p=0.008) at 24 hours.
The present results suggest that AA-861 might be a potential mediator in the treatment of brain inflammation in TBI."
21,"One form of epithelial cell injury in inflamed colonic mucosa in ulcerative colitis (UC) is reported to involve apoptosis of these cells. Bcl-2 family proteins Bax and Bcl-2 are the major regulators of apoptosis. The aim of this study was to elucidate the involvement of the Bax/Bcl-2 system in induction of apoptosis of the inflamed colonic epithelium in UC. Colonic epithelium was isolated from colonic biopsy specimens. Expression of CD95, Bax, Bcl-xL, and Bcl-2 proteins was determined by western blotting. Bax gene expression was assessed by both reverse transcription-polymerase chain reaction (RT-PCR) followed by Southern hybridisation and a real time PCR assay. Equal levels of expression of CD95, Bcl-xL, and Bcl-2 proteins were noted in normal and UC colonic epithelia. Equal levels of expression of Bax protein and mRNA were noted in epithelia of normal colon and inactive UC. Levels of expression of Bax protein and mRNA were markedly reduced in inflamed UC colonic epithelium.
Our study showed for the first time downregulation of Bax in inflamed colonic epithelium of UC. The Bax/Bcl-2 system did not seem to be involved in induction of apoptosis of epithelial cells in the inflamed colonic mucosa of UC."
22,"In this study, we examined the relations between the rate of eating and circulating interleukin (IL)-1β and IL-6 levels in Japanese men not being treated for metabolic diseases. We conducted a cross-sectional study of 170 men 40 to 59 y old (mean ± standard deviation, 51.4 ± 5.7 y old) who participated in health checkups in Japan and were not being treated for metabolic diseases. We measured clinical serum parameters and plasma IL-1β and IL-6 concentrations and assessed by questionnaire lifestyle factors such as the dietary intake of food/nutrition and the rate of eating. Using multivariate linear regression analysis, we analyzed the relations between the rate of eating and IL-1β and IL-6 concentrations, clinical parameters, and lifestyle factors. Significant Spearman correlation coefficients with the rate of eating were observed for IL-1β and IL-6 (0.250 and 0.195, respectively). The rate of eating was positively associated with IL-1β independently of IL-6, body mass index, homeostasis model assessment for insulin resistance, alcohol intake, energy intake, smoking status, and physical activity.
These results indicate that a higher rate of eating is positively and independently associated with circulating IL-1β concentrations in Japanese men not being treated for metabolic diseases."
23,"Much evidence demonstrates that Toll-like receptor-4 (TLR4)-mediated microglial activation is an important contributor to the inflammatory injury in intracerebral haemorrhage (ICH). However, the exact mechanism of TLR4-mediated microglial activation induced by ICH is not clear. In addition, microglial autophagy is involved other forms of nervous system injury. To explore the relationship between TLR4 and autophagy, we investigated the role of TLR4-mediated microglial autophagy and inflammation in ICH. We detected TLR4 expression, autophagy and inflammation of microglia treated with lysed erythrocytes in vitro, and observed the cerebral water content and neurological deficit of ICH mice [TLR4-/- and wild type (WT)] in vivo. We found that lysed erythrocyte treated microglia (TLR4-/-) had reduced autophagy and inflammation compared with microglia (WT) in vitro. ICH mice (TLR4-/-) had reduced water content and neurological injury compared with ICH mice (WT). The autophagy inhibitor (3-methyladenine) decreased microglial activation and inflammatory injury due to lysed erythrocyte treatment, and improved the neurological function of ICH mice.
Taken together, these data suggested that TLR4 induced autophagy contributed to the microglial activation and inflammatory injury and might provide novel therapeutic interventions for ICH."
24,"Spontaneous bacterial infections and septicaemia result in morbidity and mortality in patients with portal hypertension and obstructive jaundice. The aim of this study in rats was to investigate the incidence of bacterial translocation in portal hypertension and obstructive jaundice, and to evaluate the effects of allopurinol and glutamine. Rats were subjected to sham laparotomy (SL), portal hypertension (PH) by calibrated stenosis of the portal vein, and common bile duct ligation (CBDL). Animals of each group were either treated with allopurinol (50 mg/kg twice a week), glutamine (1 g/kg/d), and allopurinol and glutamine. After four weeks, significant bacterial translocation in the untreated PH and CBDL rats occurred. Intestinal mucosal malondialdehyde concentrations (MDA), as an indicator for lipid peroxidation, and myeloperoxidase activity (MPO) released from activated neutrophils were also significantly increased (p < 0.01). Allopurinol and glutamine in PH and CBDL rats improved bacterial translocation, and decreased MDA and MPO values (p < 0.01).
In PH and CBDL rats significant bacterial translocation, ileal mucosal lipid peroxidation, and neutrophil derived MPO activity occurred. Allopurinol and glutamine significantly reduced bacterial translocation, as well as ileal mucosal MDA and MPO activities."
25,"To describe enhanced depth imaging optical coherence tomography findings of choroidal osteoma. Retrospective, observational case series of 15 eyes with choroidal osteoma imaged with EDI-OCT. The mean age at presentation was 27 years. There were 10 women and 3 men. The visual acuity ranged from 20/20 to hand motion, with reduced visual acuity secondary to photoreceptor loss in the foveola (n = 5) or subfoveal fluid (n = 1), and additional choroidal neovascular membrane (n = 3). The mean basal tumor diameter was 8.0 mm, and ultrasonographic thickness was 1.5 mm. Using enhanced depth imaging optical coherence tomography, the mean tumor thickness was 589 μm when compared with a matched choroidal region in the unaffected eye of 247 μm (138% increased thickness) (P = 0.009). The tumor surface topography was classified (ultrasonography vs. enhanced depth imaging optical coherence tomography) as flat (87 vs. 13%), dome (13 vs. 40%), or undulating (0 vs. 47%). On enhanced depth imaging optical coherence tomography, unique features included horizontal lamellar lines (presumed bone lamella) (n = 15, 100%) and hyperreflective horizontal lines (presumed cement lines) (n = 8, 53%). Other features included horizontal tubular lamella with optically empty center (presumed Haversian canals or vascular channels) (n = 9, 60%), vertical tubular lamella (presumed Volkmann canals or vascular channels) (n = 2, 13%), and speckled regions (presumed compact or small trabecular bone) (n = 6, 40%). Of the nine eyes with subfoveolar osteoma, the tumor was completely ossified (n = 4), partially deossified (n = 2), or completely deossified (n = 3). Photoreceptor thinning/atrophy was found in all five eyes with deossified osteoma, whereas intact photoreceptor appearance was noted in the four eyes with ossified subfoveal osteoma.
Enhanced depth imaging optical coherence tomography reveals characteristic surface topography of choroidal osteoma as dome or undulating (87%) with unique intrinsic features of horizontal lamellar lines (100%), horizontal (60%) or vertical (13%) tubules, and speckled regions (40%). Photoreceptor loss was evident in every case of tumor deossification."
26,"We recently showed that miR-494 was downregulated in gastric carcinoma (GC). The objectives of this study were to determine the role of miR-494 in GC malignancy and to identify its target genes. Real-time polymerase chain reaction was employed to quantify the expression level of miR-494 and c-myc in gastric cancer tissues. Bioinformatics was used to predict the downstream target genes of miR-494, which were confirmed by luciferase and RNA immunoprecipitation assays. Cell functional analyses and a xenograft mouse model were used to evaluate the role of miR-494 in malignancy. miR-494 was downregulated in human GC tissues and in GC cells and was negatively correlated with c-myc expression. High level of c-myc or low level of miR-494 correlated with poor prognosis. The miR-494-binding site in the c-myc 3' untranslated region was predicted using TargetScan and was confirmed by the luciferase assay. Additionally, c-myc and miR-494 were enriched in coimmunoprecipitates with tagged Argonaute2 proteins in cells overexpressing miR-494. Furthermore, a miR-494 mimic significantly downregulated endogenous c-myc expression, which may contribute to the delayed G1/S transition, decreased synthesis phase bromodeoxyuridine incorporation, and impaired cell growth and colony formation; on the other hand, treatment with a miR-494 inhibitor displayed the opposite effects. Reduced tumor burden and decreased cell proliferation were observed following the delivery of miR-494 into xenograft mice.
miR-494 is downregulated in human GC and acts as an anti-oncogene by targeting c-myc. miR-494 plays a role in the pathogenesis of gastric cancer in a recessive fashion."
27,"THE OBJECTIVES OF THIS STUDY INCLUDE: (1) Determination of the attenuation of strike acceleration that Tae Kwon Do sparring safety pads provide from kicks from Olympic style TKD fighters, (2) The sex and weight differentiation in acceleration achieved within the thorax model with the roundhouse kicks. This prospective, observational study utilized 15 Olympic style fighters from an ""elite"" team kicking a water core heavy bag thorax model with roundhouse kicks. The model was fitted with a tri-axial accelerometer (GCDC, model X250-2) to measure g acceleration from strikes to the bag. The bag was kicked in three, 10 kick phases by all subjects: kicks without padding; kicks with hogu on heavy bag, and kicks with hogu and instep guards on feet. The g acceleration readings were recorded in all phases. Kolmogorov-Smirnov failed for all variables. There were 8 female subjects: median age 14 years, median weight 53.4 kg and 7 male subjects: median age 17 years, median weight 70.45 kg. The ANOVA on ranks of the acceleration from kicks against the bag achieved significance, P=0.001. Spearman rank order correlation between the weights of players and acceleration of strike against the hogu without and with insteps pads was significant, P=0.035/r=0.54 and P=0.018/r=0.59, respectively.
Heavier and male subjects tend to produce more force in strikes. Protective chest guard reduces acceleration to the thorax model, but the utility of instep guards is questionable."
28,"The configuration of the distal surface of the femur would be more important in terms of the patellofemoral (PF) joint contact because the patella generally contacts with the distal surface of the femur in knee flexion. Some total knee arthroplasty (TKA) designs configurate medially prominent asymmetric femoral condyles. This difference in the design of distal femoral condyle may affect the PF joint congruity in knee flexion. Furthermore, some surgeons advocate a concept aligning the symmetric components parallel to the native joint inclination, not perpendicular to the mechanical axis. This concept would also make a difference on the PF joint congruity at the distal femur in knee flexion. However, no fundamental study has been reported on the PF congruity at the distal femur to discuss the theoretical priority of these concepts. The current study investigated the angular relationship between the tibial attachment of the patellar tendon and the distal surface of the femur at 90° of flexion in normal knees. The open magnetic resonance images of 45 normal knees at 90° of flexion were used to measure the angles between the tibial attachment of the patellar tendon, the equatorial line of the patella, and the distal surface of femoral condyles. The distal surface of femoral condyles was internally rotated relative to the tibial attachment of the patellar tendon and the equatorial line of the patella in all the knees (8.2° ± 3.5° and 5.8° ± 2.5°, respectively), not parallel.
Distal femoral condyle is internally rotated to the patellar tendon at 90° of flexion in normal knees. When the symmetric femoral component is aligned perpendicular to the femoral mechanical axis, the patellar tendon would be possibly more twisted than the condition in normal knees, and the deviation of the PF contact force on the patellar component might be caused. The configuration and alignment of the distal condyle of the femoral component can affect the PF joint congruity in knee flexion. In this respect, our results provide important information in considering designs and alignment in the distal femur of TKA and the PF joint congruity in knee flexion."
29,"Vitamin D has been added to calcium-fortified orange juice. It is unknown whether vitamin D is as bioavailable from orange juice as it is from supplements. The objective was to compare the bioavailability of vitamin D(2) and vitamin D(3) from orange juice with that from vitamin D(2) and vitamin D(3) supplements. A secondary aim was to determine which form of vitamin D is more bioavailable in orange juice. A randomized, placebo-controlled, double-blind study was conducted in healthy adults aged 18-84 y (15-20/group) who received 1000 IU vitamin D(3), 1000 IU vitamin D(2), or placebo in orange juice or capsule for 11 wk at the end of winter. A total of 64% of subjects began the study deficient in vitamin D (ie, 25-hydroxyvitamin D [25(OH)D]) concentrations <20 ng/mL). Analysis of the area under the curve showed no significant difference in serum 25(OH)D between subjects who consumed vitamin D-fortified orange juice and those who consumed vitamin D supplements (P = 0.084). No significant difference in serum 25(OH)D(3) was observed between subjects who consumed vitamin D(3)-fortified orange juice and vitamin D(3) capsules (P > 0.1). Similarly, no significant difference in serum 25(OH)D(2) was observed between subjects who consumed vitamin D(2)-fortified orange juice and vitamin D(2) capsules (P > 0.1). No significant overall difference in parathyroid hormone concentrations was observed between the groups (P = 0.82).
Vitamin D(2) and vitamin D(3) are equally bioavailable in orange juice and capsules."
30,"To determine whether the ""gatekeeper physician system"" for evaluating neuro-ophthalmologic problems is cost effective. The authors retrospectively reviewed the records of 588 patients referred for neuro-ophthalmologic evaluation between July and December 1989 to determine the frequency and cost of unnecessary diagnostic testing ordered by ""gatekeeper physicians."" Pre-referral diagnostic testing costs were compared with the cost of neurophthalmologic consultation for four common problems: (1) optic neuropathy; (2) diplopia; (3) ptosis; and (4) proptosis. Between 16% and 26% of patients in the first three diagnostic categories were subjected to overtesting, resulting in $57,900 of excessive costs, a 724% overcharge. Although the evaluation of proptosis was performed correctly, the quality of 10 of the 18 neuro-imaging procedures was substandard.
The gatekeeper system managed by primary care physicians for these four neuro-ophthalmologic problems not only did not conserve healthcare dollars but also had a negative impact on cost control. For neuro-ophthalmologic disorders, prompt subspecialty evaluation and examination appear to be a cost-effective strategy."
31,"To investigate the mechanisms for the cytopathic effect (CPE) of human cytomegalovirus (HCMV) in ECV304 endothelial-like cells. PCR and indirect immunofluorescence were used to detect HCMV infection by examining immediate-early (IE) gene and protein expression of the virus in ECV304 cells. Phase-contrast and electron microscopies were performed to observe the morphological changes of the infected and uninfected cells, and DNA ladder analysis and flow cytometry were carried out to study HCMV-induced cell apoptosis. In HCMV-infected ECV304 cells, cytopathic effects were first observed at approximately 72 h post-infection. The cells with CPE changes exhibited detachment from the monolayer, cell rounding and shrinkage. The expression of the IE gene was detected. Chromatin condensation and nuclear fragmentation along with dramatic changes of the mitochondria were observed by electron microscopy at 96 h post-infection. Cellular DNA fragmentation was observed in the infected cells, which had cells apoptotic rates of 4.1% and 45.7% at 96 h and 144 h post-infection, respectively.
HCMV can induce apoptosis of ECV304 endothelial-like cells."
32,"Enterovirus infections are among the environmental risk factors potentially contributing to the pathogenesis of Type 1 diabetes. The aim of this study was to evaluate virus-host interaction by analysing the enterovirus antibody levels in subjects carrying different HLA-DR alleles associated with either increased or decreased risk of Type 1 diabetes. Antibodies against coxsackievirus B4 were measured to study immune responses induced by natural enterovirus infections and against poliovirus 1 to study immune responses induced by immunisation by enterovirus antigens (vaccine). Antibodies against the mumps virus were measured as a control. Study subjects included siblings of children with Type 1 diabetes taking part in the Childhood Diabetes in Finland (DiMe) Study and carrying either HLA-DR risk (DR3 and/or DR4) or protective (DR2) alleles. Children with either the HLA-DR3 or HLA-DR4 allele and those with both these risk alleles had higher Coxsackie B4 antibody levels than children carrying the HLA-DR2 allele ( p=0.01, p=0.01 and p=0.008, respectively). High responders (IgG levels higher than 75 percent) were also more frequent among genetically susceptible children compared to children with the protective DR2 allele (27% vs 12%) ( p<0.009). The same trend was seen for poliovirus antibodies, while mumps antibody levels had a different pattern (high responders more common among DR2-positive subjects).
Diabetes-associated HLA-DR risk alleles were associated with a strong immune responsiveness and protective alleles with a weak responsiveness against enterovirus antigens. This phenomenon should be taken into consideration in serological case-control studies and it might play a role in virus-induced beta-cell damage."
33,"To evaluate the visual and anatomical outcomes of dexamethasone intravitreal implant (DXI; 700 μg, Ozurdex; Allergan, Irvine, California, USA) as adjunctive therapy for patients with refractory wet age-related macular degeneration (AMD). Retrospective review of the medical records of seven patients (seven eyes) who initially responded well to intravitreal ranibizumab but subsequently developed persistent intra/sub-retinal fluid (IRF/SRF) and underwent a single injection of DXI, between May 2012 and May 2013. Two weeks after DXI, the patients continued with their monthly ranibizumab injections. Best corrected visual acuity (BCVA) logarithm of the minimum angle of resolution (logMAR) and central retinal thickness (CRT) were recorded at baseline, 2 weeks, 6 weeks, 3 months and 6 months after DXI injection. Complications were recorded too. All patients had at least 24 months of ranibizumab treatment. Mean age was 81.5±5.8 years. At baseline, mean BCVA was 0.53±0.13 logMAR (20/70 Snellen) and mean CRT was 273.14±50.94 μm. BCVA did not change significantly after DXI over the follow-up period. However, all eyes had lost fewer than 0.3 logMAR units. Complete resolution of the persistent IRF/SRF was achieved in five eyes (71.4%) at 6 weeks, and remained stable at 3 months. Two weeks after DXI injection, the mean CRT diminished compared with baseline (248.28±31.8 µm; p=0.03) and the greatest reduction was observed at 3 months after DXI injection (241.5±36.6 µm; p=0.04). Progression of lens opacity was detected in one case (50% of phakic eyes). Retreatment with DXI was performed in two eyes.
DXI appears to be effective in vision stabilisation, decreasing IRF/SRF and improvement of CRT in eyes with refractory wet AMD."
34,"Stair negotiation is biomechanically more challenging than level gait. There are few biomechanical assessments of transtibial amputees descending stairs and none specifically related to falls. Stair descent may elicit more differences than level gait in amputees with and without a previous falls history. The aim of this study was to compare the gait kinematics of fallers and non-fallers during downwards step transitioning in transtibial amputees. Cross-sectional study. Six fallers and five non-fallers completed step transition trials on a three-step staircase at their self-selected pace. Nine participants exhibited a clear preference to lead with the affected limb, while two had no preference. Four participants self-selected a step-to rather than a reciprocal stair descent strategy. The fallers who used a reciprocal strategy walked 44% more quickly than the non-fallers. To compensate for the lack of active plantar flexion of the prosthetic foot, exaggerated range of motion occurred proximally at the pelvis during swing. The step-to group was more reliant on the handrails than the reciprocal group and walked more slowly.
As anticipated, the fallers walked faster than the non-fallers despite employing the more difficult 'roll-over' technique. Handrail use could help to improve dynamic control during downwards step transitions."
35,"The aim of our feasibility study was to examine the acceptability and utility of ""Dance Dance Revolution"" (DDR) (Konami of America, Redwood City, CA)) to increase physical fitness in 8-11-year-old black and Hispanic youth. Twenty-eight 4(th) and 5(th) grade children attending an afterschool program participated. Outcomes included physical activity, physical fitness, use of home DDR, survey of safety and acceptability, anthropometrics, and fasting metabolic profile measured at baseline, 12 weeks, and 30 weeks. At 12 weeks, physical fitness (maximum O2 uptake [VO2max]) increased by 4.9±9.9 percent and was sustained through 30 weeks, when the VO2max was 105.0±9.9 percent (range, 93.0-133.9 percent) of baseline values. Absolute VO2max increased by 2.97±4.99 mL/kg/minute (95% confidence interval 0.75-5.19, P=0.013). Participants maintained an average of 1.12 hours/day of increased movement to music. Trends suggested increased total moderate-vigorous physical activity, decreased light activity, and a modest increase in sedentary screen time. There were no significant changes in body mass index, fasting lipids, or glucose. Participants and parents approved of the activity.
DDR appears feasible and acceptable to minority youth. DDR may increase moderate-vigorous physical activity and improve physical fitness in at-risk populations."
36,"To determine the expression of proteasome aotivator gamma (REGgamma) in human lung cancer tissues and cell lines and its association with malignant biological behaviors. Immunohistochemistry (IHC) was used to detect the expression of REGgamma in lung cancer and normal lung tissues. The expressions of REGgamma in lung cancer cells and normal epithelial cells were determined by Western blot. The H1975 lung cancer stable cell lines with different levels of REGgamma expression were constructed and their proliferations were evaluated by MTT assay. PI staining was used to assess the influence of REGgamma on cell growth cycle. The effect of REGgamma on the migration of lung cancer cells were observed with the cell scratch experiment. Lung cancer tissues had significantly higher levels of REGgamma expression than normal tissues. Similarly, lung cancer cell lines showed higher levels of REGgamma expression than the normal epithelial cell line. The overexpression of REGgamma enhanced cancer cell proliferations (P < 0.05), promoted more cells into the S+G2/M phase (P < 0.05) and promoted the migration of cancer cells (P < 0.05). All of these effects were reversed after suppression of REGgamma.
REGgamma facilitates malignant biological behaviors of lung cancers."
37,"Well-differentiated follicular thyroid carcinomas (FTCs) usually act indolently, while aggressively acting tumors are difficult to detect early enough. Estrogen receptors (ERs) have prognostic significance in many cancers. Thyroid diseases, including neoplasms, are associated with the female sex. The prognostic significance of ERs in FTCs has not been reported previously. We studied the role of ERα and ERβ in 83 cases of follicular thyroid adenoma (FTA) and 43 FTC cases, including seven cases of poorly differentiated FTC, obtained from the Department of Surgery, Helsinki University Central Hospital between 1990 and 2009. Patient follow-up was conducted until March 2011. Expression of ERα, ERβ, and MIB-1/Ki-67 was investigated by immunohistochemistry and correlated with clinicopathological characteristics, including survival. Two major observations were apparent. First, ERβ expression was significantly higher in FTA than in FTC, and it was a stronger differential diagnostic marker than MIB-1/Ki-67. Second, low ERβ expression correlated with poor survival in FTC. All cancer-specific deaths due to FTC were among low ERβ-score patients.
ERβ is a differential marker for malignancy and could thus be used as a preoperative tool. FTC patients with a low ERβ score need more thorough follow-up and may benefit from more aggressive treatment."
38,"Poor growth has been described in patients with urea cycle enzyme defects treated with protein-restricted diets, while protein status is seldom reported. To assess the effects of nutritional therapy with a medical food on growth and protein status of patients with a urea cycle enzyme defect. A 6-mo multicenter outpatient study was conducted with infants and toddlers managed by nutrition therapy with Cyclinex-1 Amino Acid-Modified Medical Food with Iron (Ross Products Division, Abbott Laboratories, Columbus, OH). Main outcome variables were anthropometrics and plasma amino acids (selected), albumin, and transthyretin concentrations. Seventeen patients completed the study. Mean (+/-SE) baseline age was 11.30+/-3.20 months (median 4.40 months; range 0.22-38.84 months). Length and weight z-scores increased significantly during the 6-month study. Head circumference increased, but not significantly. Three patients were stunted and two were wasted (-2.0 z-score) at baseline while at study end, only one patient was both stunted and wasted. The majority of patients increased in length, head circumference, and weight z-scores during study. Mean (+/-SE) plasma albumin concentration increased from 34+/-2g/L at baseline to 38+/-1g/L at study end. Plasma transthyretin increased from a mean (+/-SE) of 177+/-13 mg/L at baseline to 231+/-15 mg/L at study end. No correlation was found between plasma NH(3) concentrations and medical food intake. Plasma NH(3) concentration was positively correlated with the percentage of Food and Agriculture Organization/World Health Organization/United Nations recommended protein ingested.
Intakes of adequate protein and energy for age result in anabolism and linear growth without increasing plasma NH(3) concentrations. Medical food intakes did not correlate with plasma NH(3) concentrations."
39,"Over 95% of all thyroid malignancies are non-medullary thyroid carcinomas (NMTC). Familial NMTC are more aggressive and mortality is higher as compared with sporadic carcinomas. Known genetic factors do not explain all familial NMTC. Recently, thyroid disorders have been observed in families with germline mutations in aryl hydrocarbon receptor interacting protein (AIP) but, due to frequent occurrence of these conditions in the population, the significance of this co-occurrence is not clear. AIM, SUBJECTS AND METHODS: To examine whether AIP is involved in familial NMTC, we performed AIP mutation screening in 93 familial NMTC cases. In addition, the AIP status was studied in one follicular thyroid adenoma patient with a known AIP mutation from an additional cohort. No potentially pathogenic changes were identified, but two likely rare polymorphisms were detected. AIP mutation-positive patient's follicular thyroid adenoma showed no loss of heterozygosity or lack of immunohistochemical AIP staining.
Our study indicates that germline AIP mutations are rare or do not exist in familial NMTC."
40,"We previously reported significant variations in oxidation status and molecular length among sources and lots of human serum albumin (HSA) commercial preparations intended for clinical use. In this report, we investigated what effect the presence of HSA products have on the immune response in vitro. Laboratory study. Trauma research basic science laboratory. Activated human peripheral blood mononuclear cells. Six commercial HSA preparations were tested for their effect on cytokine release from activated human peripheral blood mononuclear cells (PBMCs) and T-lymphocytes. Mass spectrometry analysis of aspartyl-alanyl diketopiperazine (DA-DKP) content of HSA and percentage of HSA having lost its amino terminal dipeptide aspartyl alanyl (HSA-DA) were correlated. Human PBMCs were cultured in the presence of six commercial HSA preparations and activated via the T-cell receptor complex. A cloned T-lymphocyte cell line, activated with specific antigen, was also cultured with both synthetic DA-DKP and small molecular weight extracts from the commercial HSA tested. Supernatants were quantified by enzyme-linked immunosorbent assay for interferon-gamma and tumor necrosis factor-alpha content. DA-DKP was extracted from HSA by centrifugal filters and quantified by anion exchange liquid chromatography coupled to negative electrospray ionization mass spectrometry. HSA species were determined by reverse phase liquid chromatography coupled to positive electrospray ionization, time of flight mass spectrometry. All HSA preparations significantly inhibited the in vitro production of interferon-gamma and tumor necrosis factor-alpha by activated PBMCs. DA-DKP was detected in all HSA sources at concentrations ranging between 42.0 and 79.6 microM. A synthetic form of DA-DKP possessed similar immunosuppressive qualities in a dose-dependent manner on T lymphocytes.
DA-DKP was present in significant concentrations in all HSA sources tested and was partially responsible for the immunosuppressive effects of HSA on activated PBMCs and T-lymphocytes in vitro. In view of these findings, administering HSA to immunocompromised critically ill patients might be reevaluated."
41,"Previous T2*-weighted magnetic resonance imaging (MRI) studies have used white matter lesion (WML) central veins to distinguish multiple sclerosis (MS) from its mimics. To be clinically applicable, the ""central vein sign"" needs to be detectable across different T2* sequences. Our objective was to determine if the central vein sign is reliably present in MS and absent in patients with ischemic small vessel disease (SVD) across different T2* sequences at 3T MRI. Ten patients with MS and 10 with SVD were each scanned on a 3 T Philips and GE scanner. The MRI protocol included 3-dimensional (3D) T2* GRE, T2* with high echo planar imaging (EPI) factor and susceptibility-weighted angiography (SWAN). Total WML numbers, central vein numbers, and proportion of WMLs with central veins were calculated using each sequence. Three blinded raters identified a subset of six WMLs with central veins to diagnose MS or SVD. Irrespective of the sequence, MS patients were identified based on a higher proportion of WMLs with central veins. This proportion was dependent on the T2* sequence used. T2* with high EPI allowed the highest median proportion (69.6%) in MS patients; 6.1% in SVD patients (P < .0004). Rater reproducibility varied depending on the T2* sequence used. T2* with high EPI produced good agreement with the clinical diagnosis (Cohen's kappa range; .78-.89), as did SWAN imaging with some raters; ĸ = .69.
The central vein sign can diagnose MS in the clinical setting of modern 3T scanners. However, variations in the T2* sequences need to be considered when defining a threshold for diagnosis."
42,"The red cell distribution width (RDW) has also been reported to reliably reflect the inflammation and nutrition status and predict the prognosis across several types of cancer, however, the prognostic value of RDW in esophageal carcinoma has seldom been studied. A retrospective study was performed to assess the prognostic value of RDW in patients with esophageal carcinoma by the Kaplan-Meier analysis and multivariate Cox regression proportional hazard model. All enrolled patients were divided into high RDW group (≧15%) and low RDW group (<15%) according to the detected RDW values. Clinical and laboratory data from a total of 179 patients with esophageal carcinoma were retrieved. With a median follow-up of 21months, the high RDW group exhibited a shorter disease-free survival (DFS) (p<0.001) and an unfavorable overall survival (OS) (p<0.001) in the univariate analysis. The multivariate analysis revealed that elevated RDW at diagnosis was an independent prognostic factor for shorter PFS (p=0.043, HR=1.907, 95% CI=1.020-3.565) and poor OS (p=0.042, HR=1.895, 95% CI=1.023-3.508) after adjustment with other cancer-related prognostic factors.
The present study suggests that elevated preoperative RDW(≧15%) at the diagnosis may independently predict poorer disease-free and overall survival among patients with esophageal carcinoma."
43,"Two genome-wide linkage surveys suggest chromosome 22q12 may contain a susceptibility locus for bipolar disorder (BPD) in the immediate region of the gene G protein receptor kinase-3 (GRK3). We previously published evidence that a single nucleotide polymorphism (SNP) in the promoter region of GRK3, designated P5, was associated with BPD. This SNP, however, was too rare (allele frequency 0.007) to explain the evidence for linkage. To identify other SNPs or haplotypes associated with illness, we have now sequenced an additional 28-kb genomic segment of GRK3 and tested an additional 35 SNPs for association with BPD in 181 Caucasian nuclear families. Transmission disequilibrium test analyses identified two closely related disease-associated haplotypes defined by four SNPs located upstream of the promoter region: transmission to nontransmission ratios=54:22 and 20:9, odds ratios=2.50 and 2.36, and P values=0.0009 and 0.05. The best P value remained significant after correction for multiple testing. These two haplotypes were found on an entirely different set of chromosomes from the previously identified SNP P5. They had a combined frequency of approximately 0.10 and, therefore, a much greater population attributable risk for disease than the previously identified P5 haplotype.
These data provide evidence that at least two distinct haplotypes, and possibly two or more different underlying mutations, in GRK3 might be associated with BPD. These new findings add support for the hypothesis that a dysregulation in GRK3 expression alters signaling desensitization and thereby predisposes to the development of BPD."
44,"Acute infectious gastroenteritis increases the risk for irritable bowel syndrome (IBS) and functional dyspepsia (FD). Children are particularly vulnerable to gastroenteritis because of the immaturity of their intestinal barrier, enteric nervous system, and immune response to pathogens. We investigated whether acute gastroenteritis in early life increases the risk of IBS and FD throughout adulthood. In 1994, we identified and monitored a single culture-proven foodborne Salmonella enteritidis outbreak that involved 1811 patients (mostly pediatric) in Bologna, Italy. Clinical data were collected and a prospective, controlled, cohort study was designed. Long-term effects were assessed by mailing a questionnaire to 757 subjects 16 years after the outbreak (when all of the children were adults). We randomly selected a cohort of 250 adults exposed to Salmonella as children, all 127 individuals exposed as adults, and a cohort of nonexposed participants matched for number, age, sex, and area of residence (controls). Among 198 exposed participants, 64 reported FD (32.3%), compared with 51 of 188 controls (27.1%; P = .268). Among 204 exposed participants, 75 reported having IBS (36.8%) compared with 44 of 189 controls (23.3%; P = .004). The odds ratio for IBS among people exposed to the Salmonella was 1.92 (95% confidence interval: 1.23-2.98). The prevalence of IBS was higher in individuals exposed Salmonella as children than in controls (35.3% vs 20.5%; P = .008), but not in individuals exposed as adults, compared with controls. After multivariate logistic regression, post-infectious IBS was independently associated with anxiety and FD.
Based on data collected from a single culture-proven foodborne Salmonella enteritidis outbreak in 1994, Salmonella-induced gastroenteritis during childhood (but not adulthood) is a risk factor for IBS."
45,"Thyroid cancer (TC) is the most common malignant cancer of the Endocrine System. Histologically, there are three main subtypes of TC: follicular, papillary and anaplastic. Diagnosing a thyroid tumor subtype with a high level of accuracy and confidence is still a difficult task because genetic, molecular and cellular mechanisms underlying the transition from differentiated to undifferentiated thyroid tumors are not well understood. A genome-wide analysis of these three subtypes of thyroid carcinoma was carried out in order to identify significant differences in expression levels as well as enriched pathways for non-shared molecular and cellular features between subtypes. Inhibition of matrix metalloproteinases pathway is a major event involved in thyroid cancer progression and its dysregulation may result crucial for invasiveness, migration and metastasis. This pathway is drastically altered in ATC while in FTC and PTC, the most important pathways are related to DNA-repair activation or cell to cell signaling events.
A progression from FTC to PTC and then to ATC was detected and validated on two independent datasets. Moreover, PTX3, COLEC12 and PDGFRA genes were found as possible candidates for biomarkers of ATC while GPR110 could be tested to distinguish PTC over other tumor subtypes. The genome-wide analysis emphasizes the preponderance of pathway-dysregulation mechanisms over simple gene-malfunction as the main mechanism involved in the development of a cancer phenotype."
46,"Perceived physician financial conflicts of interest of can affect patient trust. Payment to physicians for industry sponsored clinical trials in multiple sclerosis is a relatively new potential source of physician conflict of interest. There is limited available data on how physician payment for trial involvement in multiple sclerosis clinical trials may influence patient trust. To understand how patient trust is influenced by information about physician payment for multiple sclerosis clinical trials. An anonymous online instrument was developed. 597 people with multiple sclerosis participated in the study. The study found that 61% of patients who had not previously participated in a clinical trial estimated that they would have lower levels of trust in their physician if the physician was paid for involvement in their clinical trial. Among former clinical trial participants, 38% self-reported a lower level of trust. Other potential physician-industry relationships, such as industry consulting or giving industry-sponsored talks, also adversely affected trust, though to a lesser extent than physician payment for subject participation in clinical trials.
Results of this study demonstrate that physician payment for study participation in multiple sclerosis clinical trials is a potential conflict that can adversely affect patient trust."
47,"Liquid lung ventilation has been demonstrated to improve cardiorespiratory function after cardiopulmonary bypass. We hypothesized that liquid lung ventilation (LLV) would decrease the pulmonary inflammatory response after cardiopulmonary bypass (CPB). Prospective, randomized, experimental, controlled, nonblinded study. Animal research laboratory at a university setting. A total of 24 neonatal piglets. After intubation with a cuffed endotracheal tube, swine were conventionally ventilated. After surgical cannulation, each piglet was placed on conventional nonpulsatile CPB and cooled to 18 degrees C (64.4 degrees F). Subsequently, the animals were exposed to 90 mins of low-flow CPB (35 mL/kg/min). Animals were rewarmed to 37 degrees C (98.6 degrees F), removed from CPB, and ventilated for 90 min. Ten animals received conventional gas ventilation only (control), seven received initiation of LLV before CPB (prevention), and seven received initiation of LLV during the rewarming phase of CPB (treatment). After the animals were killed, the lungs were removed en bloc. The left lobe was dissected and formalin-fixed at 20 cm H2O overnight, followed by paraffin embedding. Sections were taken from the paraffin-embedded lungs. Neutrophil accumulation and lung injury were assessed by histochemical staining with leukocyte esterase and morphometrics, respectively. One hundred microscopic images were digitized from each tissue sample for lung morphometrics, and neutrophil counts were obtained from every fifth image. Lung tissue sections showed a significantly lower number of neutrophils per alveolar area in the prevention and treatment groups than in the control group (control 681 +/- 65, prevention 380 +/- 49, treatment 412 +/- 101 neutrophils per alveolar area [cells/mm2]; p <.05 for both prevention and treatment compared with control). There were no differences in lung injury as assessed with morphometrics or hemodynamic measurements between any of the three groups.
The data suggest that LLV reduces the CPB-induced neutrophil sequestration in the pulmonary parenchyma independent of its effects on the circulatory physiology or evidence of early lung injury."
48,"Management of rectal injuries in war-injured patients has evolved over time. Retrospective review of records of patients sustaining war-related rectal injuries admitted to Walter Reed Army Medical Center from Iraq and Afghanistan. From 2003 to 2011, 67 males ages 18 to 40 sustained rectal injuries after secondary blast (64%), gunshot (33%), motor vehicle crash (1%), or helicopter crash (1%). Injuries were extraperitoneal (72%), intraperitoneal (25%), or both (3%). Rectal abbreviated injury score mean was 3 ± 1. Surgical management included end colostomy (66%), loop colostomy (28%), and no diversion (4%). Distal washout (24%) and drain placement (33%) were performed. Colostomy closure occurred in 79% of patients at an average of 237 days after injury.
Diversion is the preferred treatment of war-related rectal injuries. Loop colostomy is acceptable unless there is potential for evolving rectal injury. Routine use of presacral irrigation and drainage was not supported."
49,"Naftopidil, an α1-adrenoceptor blocker, has been clinically used for the treatment of benign prostate hyperplasia and hypertension. Emerging evidence has shown that naftopidil exhibits an antitumor effect on a variety of cancer types including prostate cancer. The aim of the present study was to investigate naftopidil-induced apoptosis in human malignant mesothelioma cells and to shed light on the underlying mechanism. 3-(4,5-dimethyl-2-thiazolyl)-2,5-diphenyl-2H-tetrazolium bromide (MTT) assay, terminal deoxynucleotidyl transferase-mediated dUTP nick-end labeling (TUNEL) staining, western blotting, and enzymatic assay of caspase-3, -8, and -9 activities were carried out on human malignant mesothelioma cell lines NCI-H28, NCI-H2052, NCI-H2452, and MSTO-211H cells. To knock-down α1D-adrenoceptor, siRNA to silence human α1D-adrenoceptor-targeted gene was constructed and transfected into cells. Naftopidil induced apoptosis in all the investigated malignant mesothelioma cells, and a similar effect was obtained with prazosin, another α1-adrenoceptor blocker. α1-Adrenoceptor is linked to Gq/11 protein involving activation of protein kinase C (PKC). Naftopidil-induced reduction in cell viability was inhibited by GF109203X, while prazosin-induced in cell viability was less affected. Knocking-down α1D-adrenoceptor promoted malignant mesothelioma cell proliferation. Both naftopidil and prazosin activated caspase-3 and -8 in all the investigated malignant mesothelioma cells.
Naftopidil, as well as prazosin, has the potential to induce apoptosis in malignant mesothelioma cells by activating caspase-8 and the effector caspase-3, regardless of α1-adrenoceptor blocking."
50,"Schwannomatosis is a disease characterized by multiple non-vestibular schwannomas. Although biallelic NF2 mutations are found in schwannomas, no germ line event is detected in schwannomatosis patients. In contrast, germline mutations of the SMARCB1 (INI1) tumor suppressor gene were described in familial and sporadic schwannomatosis patients. To delineate the SMARCB1 gene contribution, the nine coding exons were sequenced in a series of 56 patients affected with a variable number of non-vestibular schwannomas. Nine variants scattered along the sequence of SMARCB1 were identified. Five of them were classified as deleterious. All five patients carrying a SMARCB1 mutation had more multiple schwannomas, corresponding to 10.2% of patients with schwannomatosis. They were also diagnosed before 35 years of age.
These results suggest that patients with schwannomas have a significant probability of carrying a SMARCB1 mutation. Combined with data available from other studies, they confirm the clinical indications for genetic screening of the SMARCB1 gene."
51,"This study was designed to test the hypothesis that long-term oral supplementation of dietary L-arginine (to provide a sustained elevation of nitric oxide activity) would inhibit atherogenesis in hypercholesterolemic rabbits, as assessed by histomorphometric measurements. Endothelium-derived nitric oxide inhibits a number of processes that are critical in atherogenesis. Hypercholesterolemia reduces endothelial nitric oxide activity, and we postulate that this may promote atherogenesis. This reduction in nitric oxide activity can be reversed acutely by intravenous infusion of L-arginine, the precursor of nitric oxide. We show that dietary supplementation of L-arginine abrogates the development of coronary atheroma in hypercholesterolemic rabbits. Male New Zealand White rabbits were fed normal rabbit chow, 1% cholesterol chow or 1% cholesterol chow with dietary arginine or methionine supplementation to increase their intake of these amino acids sixfold. After 1 or 10 weeks of dietary intervention, the left main and left anterior descending coronary arteries were harvested for histologic study. Plasma cholesterol measurements were elevated to the same degree in all groups of rabbits receiving the 1% cholesterol diet, whereas plasma arginine levels were doubled in the arginine-treated group. High density lipoprotein (HDL) cholesterol values were not affected by arginine treatment. In rabbits receiving the 1% cholesterol diet, with or without methionine supplementation, light and electron microscopy revealed a marked increase from 1 to 10 weeks in the intimal accumulation of macrophages, associated with an increase in the intimal area of the left main coronary artery. By contrast, in arginine-treated hypercholesterolemic rabbits, there was a near absence of adherent monocytes and tissue macrophages and no progression of intimal thickness from 1 to 10 weeks.
Dietary supplements of L-arginine prevent intimal thickening in the coronary arteries of hypercholesterolemic rabbits. This antiatherogenic effect is not due to an alteration in plasma total cholesterol, HDL cholesterol or caloric or nitrogen balance. The data are consistent with the hypothesis that nitric oxide has antiatherogenic properties."
52,"Dysfunctional adipose tissue plays an important role in the etiology of the metabolic syndrome, type 2 diabetes, and dyslipidemia. However, the molecular mechanisms underlying adipocyte dysfunction are incompletely understood. The aim of the study was to identify differentially regulated pathways in sc adipocytes of dyslipidemic subjects. Whole-genome expression profiling was conducted on sc adipocytes from a discovery group of nine marginally overweight subjects with familial combined hyperlipidemia (FCHL) and nine controls of comparable body sizes as well as two independent confirmation groups. In this study, FCHL served as a model of familial insulin resistance and dyslipidemia, in the absence of frank obesity. Functional analyses and gene set enrichment analysis using the Kyoto Encyclopedia of Genes and Genomes or a custom pathway database identified the complement system and complement regulators as one of the top up-regulated pathways in FCHL [false discovery rate (FDR) < 1E-30]. Higher adipocyte complement expression in FCHL was confirmed in the appropriate confirmation group. Higher complement gene expression was associated with lower adipocyte insulin receptor substrate-1 expression as marker of adipocyte insulin resistance, independent of age, sex, or disease status, and this association was corroborated in the two confirmation groups. Additionally, complement gene expression was associated with triglycerides in the discovery set and with triglycerides and/or waist circumference in the confirmation groups. Complement pathway up-regulation did not appear to be driven by hypertriglyceridemia because a 40% pharmacological reduction in triglycerides did not affect complement expression.
These findings point to an up-regulation of a complement-related transcriptome in sc adipocytes under metabolically stressed conditions, even in the absence of overt obesity. Such up-regulation may subsequently influence downstream processes, including macrophage infiltration into adipose tissue and adipocyte insulin resistance."
53,"BACKGROUND"" Human thymic stromal lymphopoietin (TSLP) is expressed in the human asthmatic lung and activates dendritic cells (DCs) to strongly induce proallergic T-helper type 2 (Th2) cell responses, suggesting that TSLP plays a critical role in the pathophysiology of human asthma. Th2 cells are predominantly involved in mild asthma, whereas a mixture of Th1 and Th2 cells with neutrophilic inflammation, probably induced by Th17, affects more severe asthmatic disease. Exacerbation of asthmatic inflammation is often triggered by airway-targeting RNA viral infection; virus-derived double-stranded RNA, Toll-like receptor (TLR)3 ligand, activates bronchial epithelial cells to produce pro-inflammatory mediators, including TSLP. Because TSLPR-expressing DCs express TLR3, we examined how the relationship between TSLP and TLR3 ligand stimulation influences DC activation. CD11c(+)DCs purified from adult peripheral blood were cultured in TLR ligands containing media with or without TSLP and then co-cultured with allogeneic naïve CD4(+)T cells. CD11c(+) DCs responded to a combination of TSLP and TLR3 ligand, poly(I : C), to up-regulate expression of the functional TSLP receptor and TLR3. Although TSLP alone did not induce IL-23 production by DCs, poly(I : C) alone primed DCs for the production of IL-23, and a combination of TSLP and poly(I : C) primed DCs for further production of IL-23. The addition of poly(I : C) did not inhibit TSLP-activated DCs to prime naïve CD4(+) T cells to differentiate into inflammatory Th2 cells. Furthermore, DCs activated by a combination of TSLP and poly(I : C) primed more naïve CD4(+) T cells to differentiate into Th17-cytokine-producing cells with a central memory T cell phenotype compared with DCs activated by poly(I : C) alone.
These results suggest that through DC activation, human TSLP and TLR3 ligands promote differentiation of Th17 cells with the central memory T cell phenotype under Th2-polarizing conditions."
54,"Evaluation of skeletal maturity provides clinicians and researchers a window into the developmental progress of the skeleton. The FELS method for maturity assessment provides a point estimate and standard error based on 98 skeletal indicators. This paper outlines the statistical methodology used by the original FELS method and evaluates improvements that address the following: serial correlation in the calibration sample is now considered, a Bayesian estimation method is now employed to improve estimation near ages 0 and 18 years and uncertainty in the calibration due to sampling is now accounted for when computing confidence limits. The original FELS method was calibrated using 677 Fels Longitudinal Study participants. In the improved method, serial correlation is accounted for using GEE, a Bayesian analysis with a prior centred on chronological age is used and the bootstrap is used to account for all sources of variation. Accounting for serial correlation resulted in larger slopes for ordinal indicators. The Bayesian paradigm led to narrower confidence limits and a natural interpretation of skeletal age. Sampling variability in the calibration parameters was negligible.
Improvements to the statistical basis of the FELS method provide a more effective method of estimating skeletal maturity."
55,"Cardiac computed tomographic angiography (CCTA) permits simultaneous assessment of coronary artery disease (CAD) and left ventricular mass (LVM). While increased LVM predicts mortality and is associated with obstructive CAD, the relationship of LVM with non-obstructive CAD is unknown. We evaluated 212 consecutive patients undergoing 64-detector row CCTA at 2 sites without evident cardiovascular disease or obstructive (≥70%) CAD by CCTA. LVM was measured by CCTA using Simpson's method of disks and indexed to body surface area (LVMI) and height to the allometric power of 2.7(LVM/ht2.7). CCTAs were evaluated by scoring a modified AHA 16-segment coronary artery model for none = 0 (0% stenosis), mild = 1 (1-49% stenosis) or moderate = 2 (50-69% stenosis). Overall CAD plaque burden was estimated by summing scores across all segments for a segment stenosis score (SSS, max = 32). The mean age was 53.3 ± 12.8 with 52% female, 48% hypertensive, and 7.4% diabetic. The mean LVM was 109 ± 32.5 g; 58.5% had any coronary artery plaque. In multivariable linear regression, SSS was significantly associated with increased LVM, LVMI and LVM/ht2.7. LVM increased by 2.0 g for every 1-point increase in SSS (95% CI 0.06-3.4, p = 0.006). Agatston scores provided no additional predictive value for increased LVM above and beyond SSS.
Non-obstructive CAD visualized by CCTA is associated with increased LVM independent of effects of clinical risk factors and calcium scoring. Whether addition of LVM to stenosis assessment in patients undergoing CCTA enhances risk prediction of future CAD events warrants investigation."
56,"A direct relationship between body mass index (BMI), visceral adipose tissue, insulin levels and growth hormone-binding protein (GHBP) activity has consistently been reported. It was recently described that GHBP directly depends on serum leptin levels. Since leptin co-varies with insulin secretion and/or sensitivity, we aimed to study the influence of these variables on plasma GHBP activity. In order to isolate the effects of obesity per se from those of insulin secretion, three groups of subjects were prospectively studied: 14 lean, 10 obese and nine obese subjects with glucose intolerance. The percentage of body fat was measured through bioelectric impedance. Insulin sensitivity and secretion were determined through a frequently sampled intravenous glucose tolerance test with minimal model analysis. Serum leptin was measured by radioimmunoassay. GHBP activity was determined by the high performance liquid chromatography-gel filtration method. Plasma GHBP activity was found to correlate with BMI (r = 0. 65, P < 0.0001), fat mass (r = 0.51, P = 0.003), waist circumference (r = 0.64, P < 0.0001), waist-to-hip ratio (r = 0.42, P = 0.01), insulin sensitivity (SI, r = - 0.61, P = 0.0001), insulin secretion (expressed as the acute insulin response to intravenous glucose, AIRg) (r = 0.48, P = 0.006) and leptin concentration (r = 0.49, P = 0.004). The associations with SI (r = - 0.42, P = 0.02) and AIRg (r = 0.38, P = 0.03) persisted even after controlling for fat mass. Since insulin secretion and insulin sensitivity usually covary in glucose tolerant subjects (an increased insulin secretion is necessary to compensate a decreased insulin sensitivity), we constructed a multiple linear regression to predict GHBP activity. In this model, SI (P = 0.005), AIRg (P = 0.02) and SD score-leptin (P = 0.03) independently contributed to 34, 10 and 8% of the variability in serum GHBP activity.
Our results suggest that plasma GHBP activity is simultaneouslly influenced by insulin secretion and sensitivity and leptin. Perhaps leptin, through increased insulin secretion, might induce GHBP/GH secretion, explaining the normal to high insulin-like growth factor (IGF)-I levels found in overnutrition."
57,"The Cardiac Infarction Injury Score (CIIS) is an electrocardiogram classification system that was developed to identify ischaemic heart disease. As well as being of diagnostic value, the CIIS may also be of prognostic value. The prognostic value of the CIIS for mortality of coronary heart disease and cardiovascular disease was assessed in a 28 year follow up study of 3091 apparently healthy middle aged men and women (Dutch Civil Servants Study). The rates of coronary heart disease and cardiovascular disease mortality during the first 15 years of follow up were significantly higher in men and women with a CIIS of > 10 than in those with a CIIS of < or = 0 (rate ratio of coronary heart disease mortality 2.9 (95% confidence interval 1.5 to 5.8) for men and 5.6 (2.0 to 15.5) for women). Coronary heart disease mortality was also higher in men with a CIIS of 1-10 than in men with CIIS of < or = 0. When individuals with major Minnesota code items were excluded, the associations were weaker and no longer statistically significant.
These results indicate that a high CIIS is a risk indicator for coronary heart disease mortality in the general population. Classification of electrocardiograms by means of the CIIS seems to be equivalent to classification by a combination of Minnesota code items. Because CIIS coding is simpler and can be performed by computer it may be more efficient than the Minnesota code for classifying cardiac injury in epidemiological studies."
58,"Undernutrition is a main cause of immunodeficiency. Many confounding factors limit the interpretation of immune function in hospitalized elderly patients. We compared the effects of short-term fasting and refeeding on lymphocyte subset distribution and neutrophil function in healthy subjects. Seven young adult (x +/- SE age: 24 +/- 2 y) and 8 elderly (71 +/- 3 y) subjects were fed standardized diets (1.6 x predicted resting energy expenditure; 16% protein) for 7 d. They then fasted for 36 h and were refed for 4 h (42 kJ/kg). Lymphocyte subsets were quantified by using fluorochrome-conjugated monoclonal antibodies. Neutrophil chemotactic migration was evaluated by using a 2-compartment chamber. Neutrophil reactive oxygen species production was measured by using a luminol-amplified chemiluminescence assay and oxidation of 2'7'-dichlorofluorescein diacetate. Baseline total and cytotoxic T lymphocyte subpopulations were lower in elderly than in adult subjects (P < 0.01). Nutritional state had a significant effect (P < 0.05) on total, helper, and cytotoxic T and B lymphocyte counts in all subjects, and the response of lymphocyte subpopulations to nutritional fluctuations was significantly affected by age. The chemotactic index was lowered by fasting in both groups (P < 0.05 compared with basal values). After refeeding, neutrophil migration was restored in adult but not elderly subjects. The superoxide anion production rate increased with fasting and reverted to prefasting values with refeeding in both groups (P < 0.05). Fasting induced a significant decrease in hydrogen peroxide production in stimulated neutrophils that was reversed by refeeding in adult but not elderly subjects.
The lack of response of lymphocyte subpopulation counts and neutrophil function to nutritional changes may help to explain the proneness of elderly persons to infection."
59,"Short-term acute blood glucose fluctuations are often found among patients with high risk of thrombosis. Influence of the phenomenon on platelet aggregation rate is of clinical importance and should be clearly evaluated. We measured ADP and arachidonic acid-induced platelet aggregation on 58 patients with type II diabetes or acute coronary syndrome before and after oral intake of 75 g of glucose. C-peptide and insulin levels were measured in diabetic patients and glycated hemoglobin was determined in ACS patients. Results showed that short-term acute glucose fluctuation had no significant impact on platelet aggregation in these patients. In diabetes patients, the 2 hours platelet aggregation rate induced by ADP was positively correlated with insulin levels (r = 0.477, p = 0.014). AA-induced platelet aggregation was positively correlated with BMI (r = 0.619, p = 0.024). In ACS cases, there was no correlation between platelet aggregation rates and glycated hemoglobin.
There is probably no need to consider the possible influence of acute blood glucose fluctuation on thrombotic events."
60,"To investigate whether myocardial and plasma matrix metalloproteinase (MMP) activities are altered during endotoxemia. Prospective randomized, animal study. University research laboratory. Male Sprague-Dawley rats, 250-300 g. Rats were administered either bacterial lipopolysaccharide (LPS) or vehicle (pyrogen-free water). Groups of LPS-administered animals were killed at 0.5, 1, 3, 6, 12, and 24 hrs postinjection. Vehicle injected animals were killed at 6 hrs. Blood pressure was recorded before kill. Heart and plasma samples were analyzed by gelatin zymography and immunoblot. Blood pressure was significantly depressed at 3-24 hrs post-LPS injection; however, overt symptoms of endotoxemia and reduction in blood pressure were most significant 6-12 hrs post-LPS. Heart samples from control rats revealed MMP-2 activity but no MMP-9 activity. MMP-2 activity was significantly depressed when overt symptoms of endotoxemia peaked at 6-12 hrs. Plasma MMP-2 activity significantly decreased 3-12 hrs after LPS injection. This loss of activity was associated with a loss of MMP-2 protein. In contrast, plasma MMP-9 activities were rapidly elevated following LPS injection, peaking between 1 and 12 hrs. MMP-9 activity correlated inversely with blood pressure.
Endotoxemia induced rapid changes in MMP activity in both the myocardium and plasma. An increase in circulating MMP-9 activity may contribute to endotoxemic cardiovascular dysfunction."
61,"To investigate the presence or absence of Toll-like receptor (TLR)-2 and TLR-4 in synovial tissues collected from stifle joints (SJs) of dogs with or without osteoarthritis. 21 purpose-bred research dogs, 3 client-owned dogs with SJ osteoarthritis, and 3 dogs without SJ osteoarthritis. Research dogs underwent arthroscopic surgery in 1 SJ to induce osteoarthritis via cranial cruciate ligament transection (CrCLt; n = 5), femoral condylar articular cartilage groove creation (6), or release of the caudal horn of the medial meniscus (5); 5 dogs underwent sham surgery. Synovial tissue specimens were obtained from both stifle joints of each dog 12 weeks after surgery, and TLR-2 and TLR-4 gene expression were determined via real-time reverse transcription PCR assays. Expression of TLR-4 protein was determined via an immunofluorescence technique in additional specimens obtained from osteoarthritic SJs of dogs with cranial cruciate ligament insufficiency and from dogs with nonosteoarthritic SJs. Synovial tissues from CrCLt-treated joints had significantly higher TLR-4 gene expression, compared with the contralateral control SJs or any other joint group. TLR-2 gene expression did not differ significantly among groups. Toll-like receptor-4 protein was detected in synovial tissues of osteoarthritic SJs but was rarely evident in nonosteoarthritic SJs.
Increased TLR-4 gene expression in the synovial tissue of SJs with osteoarthritis secondary to CrCLt suggests that activation of innate immunity may play a role in the pathophysiology of SJ osteoarthritis in at least a subset of dogs."
62,"Poor sleep quality, insomnia, and restless legs syndrome (RLS) and sleep apnea are common in patients with chronic kidney disease (CKD). Clinical correlates of these problems are poorly understood. This study was to find out the prevalence and correlates of insomnia and subjects with 'high risk for obstructive sleep apnea (OSA)' in adults with chronic kidney disease. One hundred and four adults with CKD were included. Their demographic data, details regarding kidney disease and hemodialysis (HD) were recorded. Presence of insomnia and its severity was assessed. They were screened for sleep apnea using a validated questionnaire. Average age was 54.17 (± 12.96) years. 89.4% had stage 5 nephropathy and 78.8% subjects were on regular HD. Males outnumbered females. Insomnia was reported by 35.5%. Among these, 50% had chronic insomnia. Insomnia subjects had higher prevalence of diabetes (P = 0.01) and depression (P < 0.001). Fifty-one percent subjects were at ""high risk for sleep apnea"". They had higher prevalence of diabetes (P < 0.001), coronary disease (P = 0.02), insomnia (P = 0.008), and experienced daytime symptoms of insomnia (P < 0.001). However, in the logistic regression, only male gender (odds ratio, OR = 13.59) and daytime symptoms of insomnia (OR = 7.34) were found to be associated with ""higher risk for sleep apnea"".
Insomnia was prevalent in CKD. Nearly half of these patients are at high risk for sleep apnea and a third of them suffer from insomnia. Hence, these patients should be screened for sleep disorders."
63,"To develop a simple method in an animal model to achieve deliberate hypercapnia, which can be used easily and safely to regulate the pulmonary vascular resistance without changing mean airway pressure and compromising oxygenation. Prospective study, with each animal used as its own control. Minipigs, weighing 11 to 14 kg (n = 7). A quadrilumen thermodilution pulmonary artery catheter was placed in minipigs via the internal jugular vein. Systemic blood pressure was measured with use of a femoral arterial catheter. The animals' lungs were ventilated with an FIO2 of 1.0, and a stable state of eucapnia was achieved and maintained for 30 mins. The artificial deadspace was increased every 30 mins, by connecting 45-mL (3- to 4-mL/kg) corrugated tube segments until a total deadspace volume of 180 mL was added. Hemodynamic performance was evaluated at baseline and after 45 mL (3 to 4 mL/kg), 90 mL (6 to 8 mL/kg), 135 mL (9 to 11 mL/kg), and 180 mL (12 to 15 mL/kg) of added deadspace. Data were indexed to the animal's weight (in kg). Increased artificial deadspace produced a significant (p < .05) increase in PaCO2. These increases in PaCO2 were associated with significant (p < .05) increases of 23%, 32%, 45%, and 46% in the mean pulmonary vascular resistance values, and 6%, 16%, 23%, and 23% in the mean pulmonary arterial pressure, respectively. The systemic pH was decreased from a mean baseline value of 7.45 to 7.39, 7.28, 7.20, and 7.11, respectively. There were no significant changes in PaO2, oxygen consumption, systemic vascular resistance, and cardiac output throughout the experiments.
A gradual increase in artificial deadspace ventilation produces a state of deliberate hypercapnia. In our animal model, a moderate increase in artificial deadspace significantly increased the pulmonary vascular resistance but was not associated with detrimental respiratory acidemia. Larger volumes of added artificial deadspace had no detrimental effect on cardiac output, oxygen content, oxygen consumption, and systemic vascular resistance, but were associated with significant respiratory acidemia and therefore should be avoided."
64,"Endothelial nitric oxide synthase (eNOS) is a critical modulator of vascular tone and blood flow and plays major roles in liver physiology and pathophysiology. Nitric oxide (NO) is widely recognized as one of the key humoral factors important for the initiation of liver regeneration in response to partial hepatectomy. Liver regeneration in response to partial hepatectomy is dependent on the efficiency of growth factor-mediated cell-cycle progression. Epidermal growth factor receptor (EGFR) is a critical mediator of multiple hepatic mitogens, such as epidermal growth factor (EGF), transforming growth factor alpha, amphiregulin, and heparin-binding EGF in regenerating livers. However, the functional significance of endothelial nitric oxide synthase (eNOS) expressed in hepatocytes, and its potential role in EGFR-mediated hepatocyte proliferation, remains unexplored. We sought to determine whether eNOS is essential for hepatocyte proliferation in response to partial hepatectomy (PH). Our studies with eNOS knockout (eNOS(-/-) ) mice suggest that eNOS activation is essential for the efficient induction of early events and elicitation of a robust hepatocyte proliferative response to PH. Moreover, eNOS expression is essential for the efficient early induction of matrix metalloprotease-9, a known mediator of extracellular matrix remodeling and growth factor activation in regenerating livers. Our in vitro studies suggest that eNOS is a critical mediator of EGF-induced hepatocyte proliferation, potentially via its influence on the induction of early growth response-1 (Egr-1) and phosphorylation of c-Jun--known mediators of cell-cycle progression. EGF-induced eNOS phosphorylation at Ser 1177 is dependent on the phosphorylation and activation of EGFR/PI3 kinase/AKT signaling in hepatocytes.
Collectively, these results highlight a hitherto unrecognized role for eNOS activation in hepatocyte proliferation with implications for targeted therapies to enhance liver regenerative response in chronic disorders."
65,"To investigate the synergic effects of rapamycin and donor bone marrow-derived immature dendritic cells (DCs) in inducing skin allograft tolerance in mice. The recipient BALB/c mice receiving transplantation of skin allograft from C57BL/6 mice were divided into control group (without perioperative treatments), rapamycin group (receiving rapamycin at 1 mg.kg(-1).d(-1) by gavage for 7 consecutive 7 days after skin transplantation), immature DC group (receiving an injection of donor bone marrow-derived immature DCs of 2 x 10(6) via tail vein before skin transplantation), combined group (receiving an injection of the DCs of 2 x 10(6) before transplantation and rapamycin at 1 mg.kg(-1).d(-1) for 7 consecutive days after transplantation). The survival time of the skin allograft was observed in each group. The survival time of the skin allograft in the control, rapamycin, immature DC and immature DC +rapamycin groups were 6.9-/+1.9, 12.3-/+3.0, 17.0-/+3.4 and 20.8-/+3.6 days, respectively, showing significant differences among the groups (P<0.05), and SNK test also indicated significant differences between every two groups.
Rapamycin and donor bone marrow-derived immature DCs have synergic effects in inducing skin allograft tolerance in mice."
66,"Depression is common in diabetes, but the scope of the problem and associated correlates are not well established in specialist diabetes care. We aimed to determine the prevalence of depression among adult outpatients with Type 1 (T1DM) or Type 2 diabetes (T2DM) using both self-report measures and a diagnostic interview, and to establish demographic and clinical characteristics associated with depressive affect. A random sample of 2055 diabetes out-patients from three diabetes clinics was invited to participate. Depressive affect was assessed using the World Health Organization-5 Well Being Index (WHO-5), the Centre for Epidemiologic Studies-Depression scale (CESD) using predefined cut-off scores, and depressive disorder with the Composite International Diagnostic Interview (CIDI). Associations between depression and patient characteristics were explored using regression analyses. Seven hundred and seventy-two patients completed the depression questionnaires. About one-third of T1DM patients and 37-43% of T2DM patients reported depressive affect (WHO-5). The prevalence of depressive affect (CESD) was 25% and 30% for men and women with T1DM, and 35% and 38% for men and women with T2DM, respectively. Based on the CIDI, 8% of T1DM patients (no gender difference) and 2% of men and 21% of women with T2DM suffered from a depressive disorder. Depressive affect was associated with poor glycaemic control and proliferative retinopathy in T1DM, while non-Dutch descent, obesity and neuropathy were correlates in T2DM.
Depressive symptoms and major depressive disorder constitute a common comorbid problem among Dutch out-patients with T1DM or T2DM and appear particularly common in migrants and women with T2DM."
67,"To determine bone mass using quantitative phalangeal bone ultrasound in young coeliac patients after a long-term gluten-free diet. A total of 99 patients with coeliac disease (CD) (52 girls, mean age 15.5 +/- 9.7 years; 47 boys, mean age 14.4 +/- 8.4 years) and 44 healthy subjects matched for age, weight and height (26 girls, mean age 18.4 +/- 9.9 years; 18 boys, mean age 16.3 +/- 11.2 years) were included in the study. Bone status was assessed using an ultrasound device that measures amplitude-dependent speed of sound (Ad-SoS) in metres per second. Measurements were made on the phalanges (II-V) of the non-dominant hand, and an average value was computed. Nutrient intake was assessed using a 7-day record. Analysis of variance (ANOVA) and the unpaired t-test showed that the intake of phosphates (P < 0.05), proteins, fat and carbohydrates (P < 0.005 in all) was higher in patients than in controls. No significant difference in Ad-SoS was found between patients and controls (95% CI -10.9 to 60.6) in the overall group, in girls or boys, or in patients following a gluten-free diet strictly or partially. In the patients, only age (beta 4.01, 95% CI 1.84-6.16, P < 0.0005) and weight (beta 2.62, 95% CI 1.53-3.70, P < 0.0001) showed a significant positive relation with Ad-SoS.
In patients with CD, gluten-free diet and increased nutritional intake were accompanied by normal bone mass values as determined by ultrasound on phalanges."
68,"This study was done to evaluate the differences in base deficit (BD) clearance, pH normalization, and the occurrence of complications between survivors and nonsurvivors after trauma. Concurrent data entry with retrospective review. Trauma patients meeting registry criteria from July 1990 through August 1995 with arterial blood gases performed within 1 hour of admission and admission BD < or = -6 were included. Data was grouped by BD category (moderate, -6 to -9; severe, < or = -10). Group means +/- SEM were compared with a two-tailed t test. Six hundred seventy-four patients met entry criteria. Survivors in both the moderate and severe BD groups had improved their BD within 4 hours and normalized their BD by 16 hours. Nonsurvivors did not improve their BD category until 8 hours (for the severe group) and 16 hours (for the moderate group) and did not normalize BD before 24 hours. The BD differences between survivors and nonsurvivors were significant at each time interval, whereas pH differences were significant at 2 hours in the moderate group and at 2, 16, and 24 hours in the severe group. Patients who failed to improve their BD > -6 had an increased frequency of adult respiratory distress syndrome, multiple organ failure, and mortality.
Base deficit reveals differences in metabolic acidosis between survivors and nonsurvivors not shown by pH determinations and is clearly a better marker of acidosis clearance after shock."
69,"Our previous study revealed that plasma visfatin levels were lower in pregnant women with gestational diabetes (GDM) than non-GDM independent of prepreganacy BMI. We examined whether central visfatin modulates energy and glucose homeostasis via altering insulin resistance, insulin secretion or islet morphometry in diabetic rats. Partial pancreatectomized, type 2 diabetic, rats were interacerbroventricularly infused with visfatin (100ng/rat/day, Px-VIS), visfatin+visfatin antagonist, CHS-828 (100μg/rat/day, Px-VIS-ANT), or saline (control, Px-Saline) via osmotic pump, respectively, for 4weeks. Central visfatin improved insulin signaling (pAkt→pFOXO-1) but not pSTAT3 in the hypothalamus. Central visfatin did not alter serum visfatin levels in diabetic rats whereas the levels were higher in non-diabetic rats than diabetic rats. Body weight at the 2nd week was lowered in the Px-VIS group due to decreased food intake in the first two weeks compared to the Px-Saline group and energy expenditure was not significantly different among the treatment groups of diabetic rats. Visfatin antagonist treatment nullified the central visfatin effect. Px-VIS increased whole body glucose disposal rates in euglycemic hyperinsulinemic clamp compared to Px-Saline and lowered hepatic glucose output, whereas Px-VIS-ANT blocked the visfatin effect on insulin resistance (P<0.05). In hyperglycemic clamp study, the area under the curve of insulin in first and second phase were significantly higher in the Px-VIS group than the Px-Saline group without modifying insulin sensitivity at the hyperglycemic state, whereas the increase in serum insulin levels was blocked in the Px-VIS-ANT group. Central visfatin also increased β-cell mass by increasing β-cell proliferation.
Central visfatin improved glucose homeostasis by increasing insulin secretion and insulin sensitivity at euglycemia through the hypothalamus in diabetic rats. Therefore, visfatin is a positive modulator of glucose homeostasis by delivering the hypothalamic signals into the peripheries."
70,"Ribonucleotide reductase is the rate-limiting enzyme in the de novo synthesis of deoxyribonucleotide triphosphates, which are utilized in both DNA synthesis and DNA repair. We reported previously that RR enzyme activity and R2 (catalytic subunit of RR) protein levels were increased after exposure to ionizing radiation (IR) in growth-arrested human tumor cells, suggesting that R2 protein expression regulates RR activity to allow for IR damage repair. Using isogenic human nasopharyngeal carcinoma cells in this study, we examine the relationship of overexpression of either the R1 regulatory subunit or the R2 catalytic subunit of RR to the cellular response of IR damage. We used three isogenic human nasopharyngeal cancer cell lines previously derived by Zhou et al, including KB, the parental tumor cell line; KB/M1, an R1 protein-overexpressing clone stably transfected with human R1 complementary DNA; and KB/M2, a R2 protein-overexpressing clone stably transfected with human R2 complementary DNA. We initially characterized these isogenic human tumor cell lines in exponential growth for R2 protein expression, RR enzyme activity, and R2 protein changes during the cell cycle by flow cytometry. Subsequently, the IR response in these cell lines was determined by clonogenic survival, cell cycle changes occurring after IR, and an analysis of IR DNA damage determined by pulsed field gel electrophoresis. The effect of combining IR and hydroxyurea, a RR (R2) inhibitor, was also studied in KB and KB/M2 cells. KB/M2 cells were found to have 4.5-fold higher R2 protein expression and a threefold higher RR enzyme activity in exponential growth than KB and KB/M1. Although R2 protein levels increased at the G1/S transition in all cell lines, KB/M2 cells also demonstrated consistently higher R2 protein levels throughout the cell cycle. Using a linear-quadratic analysis of IR clonogenic survival data, KB/M2 cells were more radioresistant than KB and KB/M1 cells, including both decreased alpha and decreased beta values, a finding that correlates with increased reparable IR damage. KB/M2 cells also show a reduced G2 cell cycle arrest and fewer DNA double strand breaks 18 hours after IR (6 Gy). Exposure of KB/M2 cells to hydroxyurea (300 microM) after exposure to IR restored in vitro radiosensitivity in a manner similar to that found in KB and KB/M1 cells.
An increase in R2 protein levels and RR activity in KB/M2 cells results in IR resistance, which appears mediated by enhanced IR damage repair during G2. R1 protein overexpression in these isogenic human tumor cells (KB/M1) did not affect RR activity or IR response."
71,"Telmisartan is an angiotensin II receptor blocker and selective modulator of peroxisome proliferator-activated receptor-gamma reported to increase energy expenditure and improve glucose and lipid metabolism compared with other angiotensin II receptor blockers. As muscle fatty acid oxidation is a major determinant of energy expenditure, we investigated the effects of telmisartan on skeletal muscle fatty acid oxidation in a rat model of the metabolic syndrome. We measured fatty acid oxidation in soleus muscles obtained from polydactylous (PD)/Cub rats fed a high sucrose, high fat diet and treated with either telmisartan or losartan. In addition, we measured fatty acid oxidation in soleus muscle tissue isolated from Sprague-Dawley rats, incubated for 3 h with either telmisartan or valsartan. Compared with treatment with losartan, treatment with telmisartan was associated with significantly greater palmitate oxidation in skeletal muscle (44.4 +/- 2.9 versus 28.9 +/- 3.2 nmol palmitate/g/2 h, P = 0.004) as well as significantly greater glucose tolerance and significantly lower body weight and visceral adiposity. In addition, in-vitro incubation of skeletal muscle with telmisartan induced significantly greater increase in palmitate oxidation than in-vitro incubation with valsartan (9.4 +/- 1.6 versus 0.2 +/- 4.3 nmol palmitate/g/h, P < 0.05). The increased fatty acid oxidation induced by telmisartan in vitro was blocked by addition of the peroxisome proliferator-activated receptor-gamma antagonist GW9662 (-0.4 +/- 1.8 nmol palmitate/g/h, P < 0.05).
The current results are consistent with the possibility that telmisartan may increase energy expenditure and protect against dietary induced obesity and features of the metabolic syndrome at least in part by increasing muscle fatty acid oxidation through activation of peroxisome proliferator-activated receptor-gamma."
72,"Rheumatoid arthritis (RA) can be divided into two major subsets based on the presence or absence of antibodies to citrullinated peptide antigens (ACPA). Until now, data from genome-wide association studies (GWAS) have only been published from ACPA-positive subsets of RA or from studies that have not separated the two subsets. The aim of the current study is to provide and compare GWAS data for both subsets. GWAS using the Illumina 300K chip was performed for 774 ACPA-negative patients with RA, 1147 ACPA-positive patients with RA and 1079 controls from the Swedish population-based case-control study EIRA. Imputation was performed which allowed comparisons using 1,723,056 single nucleotide polymorphisms (SNPs). No SNP achieved genome-wide significance (2.9 × 10⁻⁸) in the comparison between ACPA-negative RA and controls. A case-case association study was then performed between ACPA-negative and ACPA-positive RA groups. The major difference in this analysis was in the HLA region where 768 HLA SNPs passed the threshold for genome-wide significance whereas additional contrasting SNPs did not reach genome-wide significance. However, one SNP close to the RPS12P4 locus in chromosome 2 reached a p value of 2 × 10⁶ and this locus can thus be considered as a tentative candidate locus for ACPA-negative RA.
ACPA-positive and ACPA-negative RA display significant risk allele frequency differences which are mainly confined to the HLA region. The data provide further support for distinct genetic aetiologies of RA subsets and emphasise the need to consider them separately in genetic as well as functional studies of this disease."
73,"Mismatch repair genes are responsible for the coordinated correction of misincorporated nucleotides formed during DNA replication. Inactivating and inherited mutations in the prototypic mismatch repair gene hMSH2 have been described in a cancer predisposition syndrome known as hereditary nonpolyposis colon cancer. Patients with hereditary nonpolyposis colon cancer are at increased risk for colon cancer and extracolonic cancers such as upper tract transitional cell carcinoma but not prostate cancer. We investigated expression of hMSH2 in prostate cancer cell lines using genetic and molecular analysis. We used the 3 well described prostate cancer cell lines, DU145, LNCaP and PC3. Western blot analysis with monoclonal antibody to hMSH2 was used to assess expression. Southern blot and polymerase chain reaction of genomic DNA were used to identify genetic alterations in the hMSH2 gene. Single cell cloning, dinucleotide repeats and BAT-26 were used to assess the cell lines for microsatellite instability. The prostate cancer cell line LNCaP did not express hMSH2 and was found to have a homozygous deletion of hMSH2 exons 9 to 16, resulting in truncation of the protein. While microsatellite analysis did not reveal alterations at the BAT-26 locus, single cell cloning produced several LNCaP subclones with alteration at 1 dinucleotide repeat.
The well described prostate cancer cell line LNCaP has a mutation in the hMSH2 gene, resulting in loss of expression and possible evidence of microsatellite instability. To our knowledge our finding is the first demonstration of a genetic alteration in hMSH2 in a prostate cancer cell line."
74,"Cardiac myocytes depend on a delicate balance of glucose and free fatty acids as energy sources, a balance that is disrupted in pathological states such as diabetic cardiomyopathy and myocardial ischaemia. There are two families of cellular glucose transporters: the facilitated-diffusion glucose transporters (GLUT); and the sodium-dependent glucose transporters (SGLT). It has long been thought that only the GLUT isoforms, GLUT1 and GLUT4, are responsible for cardiac myocyte glucose uptake. However, we discovered that one SGLT isoform, SGLT1, is also an important glucose transporter in heart. In this study, we aimed to determine the human and murine cardiac expression pattern of SGLT1 in health and disease and to determine its regulation. SGLT1 was largely localized to the cardiac myocyte sarcolemma. Changes in SGLT1 expression were observed in disease states in both humans and mouse models. SGLT1 expression was upregulated two- to three-fold in type 2 diabetes mellitus and myocardial ischaemia (P < 0.05). In humans with severe heart failure, functional improvement following implantation of left ventricular assist devices led to a two-fold increase in SGLT1 mRNA (P < 0.05). Acute administration of leptin to wildtype mice increased cardiac SGLT1 expression approximately seven-fold (P < 0.05). Insulin- and leptin-stimulated cardiac glucose uptake was significantly (P < 0.05) inhibited by phlorizin, a specific SGLT1 inhibitor.
Our data suggest that cardiac SGLT1 expression and/or function are regulated by insulin and leptin, and are perturbed in disease. This is the first study to examine the regulation of cardiac SGLT1 expression by insulin and leptin and to determine changes in SGLT1 expression in cardiac disease."
75,"Covariation bias refers to the phenomenon of overestimating the contingency between certain stimuli and negative outcomes, which is considered as a heuristic playing a role in the maintenance of certain types of psychopathology. In the present study, covariation bias was investigated within the context of eating pathology. In a sample of 148 adolescents (101 girls, 47 boys; mean age 15.3 years), a priori and a posteriori contingencies were measured between words referring to control and loss of control over eating behavior, on the one hand, and fear, disgust, positive and neutral outcomes, on the other hand. Results indicated that all adolescents displayed an a priori covariation bias reflecting an overestimation of the contingency of words referring to loss of control over eating behavior and fear- and disgust-relevant outcomes, while words referring to control over eating behavior were more often associated with positive and neutral outcomes. This bias was unrelated to level of eating disorder symptoms. In the case of a posteriori contingency estimates no overall bias could be observed, but some evidence was found indicating that girls with higher levels of eating disorder symptoms displayed a stronger covariation bias.
These findings provide further support for the notion that covariation bias is involved in eating pathology, and also demonstrate that this type of cognitive distortion is already present in adolescents."
76,"The availability of pigs homozygous for alpha1,3-galactosyltransferase gene-knockout (GT-KO) has enabled study of the incidence and cytotoxicity of primate antibodies directed to antigens other than Galalpha1,3Gal (Gal), termed non-Gal antigens. Sera from 27 healthy humans and 31 patients awaiting renal allotransplantation, who were either unsensitized [panel reactive antibodies (PRA) < 10%] or allosensitized (PRA > 70%), were tested by flow cytometry for binding of immunoglobulin M (IgM) and IgG to peripheral blood mononuclear cells (PBMC) from both wild-type (WT) and GT-KO pigs. Complement-dependent cytotoxicity to WT and GT-KO PBMC was also measured. IgM and IgG from all 27 (100%) healthy human sera bound to WT PBMC, while 78% and 63% of these sera had IgM and IgG that bound to GT-KO PBMC, respectively. Mean binding to WT PBMC was significantly greater than GT-KO PBMC. Whereas 100% of sera were cytotoxic to WT PBMC, only 61% were cytotoxic to GT-KO PBMC, and the extent of lysis was significantly less. Neither mean binding of IgM and IgG nor cytotoxicity of unsensitized and allosensitized sera to WT and GT-KO PBMC was significantly different to that of healthy sera.
More than half of the healthy humans tested had cytotoxic antibodies to GT-KO PBMC, but allosensitized patients will be at no greater risk of rejecting a pig xenograft by a humoral mechanism."
77,"Small-bowel obstruction (SBO) is a common cause of admission to the surgical service. On rare occasions, a diagnosed SBO is actually due to large-bowel pathology combined with an incompetent ileocecal valve. The purpose of this study was to investigate this phenomenon. We performed a retrospective medical record review of patients that were admitted with a diagnosis of SBO at University of Louisville hospital and the Veterans Affairs hospitals in Louisville, KY, from 2006 until 2014. A total of 498 patients were admitted with SBO during this time period. Forty-one patients were found to have an underlying large-bowel disease. The most common large-bowel pathologies included malignancy (51%), inflammation (15%), and infection (15%). Fifteen (43%) of these patients died during admission; 93% of these were due to either their bowel obstruction or the underlying disease state. This was significantly higher than the general population (9.4% mortality, 6% due to underlying disease).
Patients that present with SBO due to a large-bowel source have a much higher mortality rate than those that present with other causes. Rapid identification of these patients will allow for more timely and appropriate treatment."
78,"Smoking, dietary factors, and alcohol consumption are known life style factors contributing to gastrointestinal carcinogenesis. Genetic variations in carcinogen handling may affect cancer risk. The multidrug resistance 1(MDR1/ABCB1) gene encodes the transport protein P-glycoprotein (a phase III xenobiotic transporter). P-glycoprotein is present in the intestinal mucosal lining and restricts absorption of certain carcinogens, among these polycyclic aromatic hydrocarbons. Moreover, P-glycoprotein transports various endogenous substrates such as cytokines and chemokines involved in inflammation, and may thereby affect the risk of malignity. Hence, genetic variations that modify the function of P-glycoprotein may be associated with the risk of colorectal cancer (CRC). We have previously found an association between the MDR1 intron 3 G-rs3789243-A polymorphism and the risk of CRC in a Danish study population. The aim of this study was to investigate if this MDR1 polymorphism was associated with risk of colorectal adenoma (CA) and CRC in the Norwegian population. Using a case-control design, the association between the MDR1 intron 3 G-rs3789243-A polymorphism and the risk of colorectal carcinomas and adenomas in the Norwegian population was assessed in 167 carcinomas, 990 adenomas, and 400 controls. Genotypes were determined by allelic discrimination. Odds ratio (OR) and 95 confidence interval (95% CI) were estimated by binary logistic regression. No association was found between the MDR1 polymorphism (G-rs3789243-A) and colorectal adenomas or cancer. Carriers of the variant allele of MDR1 intron 3 had odds ratios (95% CI) of 0.97 (0.72-1.29) for developing adenomas, and 0.70 (0.41-1.21) for colorectal cancer, respectively, compared to homozygous wild type carriers.
The MDR1 intron 3 (G-rs3789243-A) polymorphism was not associated with a risk of colorectal adenomas or carcinomas in the present Norwegian study group. Thus, this MDR1 polymorphism does not seem to play an important role in colorectal carcinogenesis in this population."
79,"Arteriovenous fistula thrombosis (AVFT) is still a common cause of morbidity in patients undergoing regular hemodialysis (HD). Many factors have been found to induce AVFT. Some of those factors are local and others are systemic ones. In this study, we evaluated some local and systemic factors simultaneously, to predict the most potent risk factor for AVFT in HD patients. One hundred and eighteen patients aged 20-80 yrs with end-stage renal disease (ESRD) were evaluated prospectively for a period of 14 months. First, anticardiolipin antibodies (ACLA), TG, cholesterol, low density lipoprotein (LDL) and high density lipoprotein (HDL) were analyzed by conventional methods. Other basic data were accessed from patients medical records. All fistulas were evaluated clinically as patent at the start of this study. Patients were followed-up for any evidence of AVFT within 14 months. Finally, all factors (diabetes, hypertension, presence of ACLA, ultrafiltration >or=3 L, age, gender, weight, hypotension during dialysis, fistula site, epoetin alpha usage, TG, HDL, LDL and total cholesterol) were analyzed in a stepwise regression analysis. Eighteen episodes of AVFT documented with Doppler sonography occurred in 17 patients (15.3%). Regression analysis showed only LDL values were the AVFT predictor in our patients (p=0.002, beta-coefficient=0.3). Kaplan-Meier analysis showed a significantly lower AVF patency time in patients with LDL >130 mg/dl than those with LDL <130 mg/dl (log rank=0.0014).
LDL value is a major prognostic factor for AVFT in HD patients and lowering it to <130 mg/dl could improve fistula patency."
80,"The impact of ribavirin exposure on sustained virological response (SVR) in patients with chronic hepatitis C is unknown. Preliminary studies showed marked inter-individual variability of ribavirin concentrations despite dose adjustment for body weight (BW) and suggested there was a correlation between single time point concentrations and SVR. None of them evaluated the global exposure to ribavirin. This study was conducted to determine whether early ribavirin global exposure is related with SVR. An exploratory pharmacokinetic-pharmacodynamic (PK-PD) study was conducted in genotype 1 hepatitis C patients treated with peginterferon alfa-2a and ribavirin (dose-adjusted for BW) for 12 weeks, to which amantadine was added for the following 36 weeks. Full and abbreviated ribavirin area under the concentration time curves (AUC(0-12h), AUC(0-4h)) were derived from plasma concentration profiles at day 0 (D0), week 12 (W12), W12 + 1 day, and W24. Virological follow-up was performed at D0 (0, 12, and 24 hours), W2, W4, W6, and monthly until W72 (TaqMan polymerase chain reaction, cut-off 15 international units/mL). Twenty-eight patients were enrolled in the study and 24 completed it. Patients with a SVR had a significantly higher D0 AUC(0-12h) (3695 [1571-6916] versus 2937 [1266-4913] microg/hour/L, P = 0.03) and D0 AUC(0-4h) (2010 [615-3175] versus 1340 [622-2246] microg/hour/L, P = 0.03). Patients with D0 AUCs above the cut-off values defined by receiver operating characteristic curves (3014 microg/hour/L and 1755 microg/hour/L for AUC(0-12h) and AUC(0-4h), respectively) had a significantly better chance of achieving an SVR than patients with AUCs under the thresholds (odds ratio = 16.0, 95% confidence interval 1.54-166.6, P = 0.02 and odds ratio = 8.9, 95% confidence interval, 1.4-56.6; P = 0.02).
Ribavirin exposure at D0 is significantly related to SVR. To our knowledge, this is the first study to give an early pharmacokinetic predictor of SVR. We propose a minimum AUC(0-4h) threshold of 1755 microg/hour/L at D0 as a target for ribavirin dose adjustment."
81,"To identify visually significant spectral-domain optical coherence tomography (SD-OCT) features of epiretinal membranes (ERM) in patients with uveitis. Retrospective cohort and cross-sectional study. Eighty consecutive eyes with uveitis and SD-OCT-documented ERM were included. Clinical data were collected at the time of diagnosis of ERM and at the final visit. SD-OCT images at the last visit were evaluated to identify fovea and ERM configuration and structural changes. Changes of 10% and 20% in central subfield thickness between initial and last SD-OCT were calculated and correlated with visual acuity (VA). An ERM thickness map was created using validated SD-OCT grading software. VA improved significantly in eyes with more than 12 months of follow-up (P = .03). Although inflammation activity and medical treatment methods were no different in eyes with more or less than 12 months of follow-up, 16 eyes in the subset with longer follow-up underwent cataract extraction and intraocular lens implantation. Kaplan-Meier analysis demonstrated few vision losses during the follow-up period. Change in central subfield thickness did not correlate with VA. Foveal center involvement (P < .001), focal attachment of the ERM (P = .003), and foveal inner segment and outer segment junction disruption (P = .006) were associated independently with lower VA. ERM was thinner in eyes with 20/40 or better VA (4.6 ± 0.6 μm) compared with eyes with VA of less than 20/200 (P = .02). Longer duration of ERM was associated with thicker ERM (P < .05).
In most eyes with uveitis and ERM, VA remains stable if ocular inflammation and comorbidities are addressed appropriately."
82,"The significance of breast cancer sentinel lymph node (SLN) metastases detected only by immunohistochemistry staining (IHC) remains poorly understood. This study attempted to quantify the risk of non-SLN metastases. A prospectively collected database of 750 consecutive SLN biopsy procedures in breast cancer patients was reviewed. Medical records were reviewed to supplement the database. SLNs were identified in 738 (98.4%) of these procedures in 723 patients. Of these, 151 patients (20.5%) had metastases detected by hematoxylin and eosin staining (H&E), and 33 (4.6%) of the 718 with known IHC staining results had metastases detected by IHC only. Twenty-eight (84.8%) of 33 patients with IHC-detected metastases underwent complete axillary lymph node dissection (CALND). The median primary tumor size was 2.0 cm among those undergoing CALND and 0.9 cm among the five patients treated without CALND (P = .10). Two of the 28 patients (7.1%) had additional metastases detected with CALND. These patients had a T3 or T4 invasive lobular primary tumor. Of 24 patients with T1 or T2 primary tumors and IHC-detected metastases who underwent CALND, none had additional metastases detected. Median follow-up was 14.5 months. All patients with IHC-detected SLN metastases were treated with adjuvant systemic therapy. None of the five patients with IHC-detected metastases not undergoing CALND has subsequently manifested clinical axillary disease.
CALND could have been or was safely omitted in 29 of 29 patients with T1 or T2 primary tumors and metastases detected by IHC. Such patients should be counseled about this low risk before CALND is recommended."
83,"Pigment epithelial-derived factor (PEDF) is a potent angiogenesis inhibitor with multiple other functions, some of which enhance tumor growth. Our previous studies mapped PEDF antiangiogenic and prosurvival activities to distinct epitopes. This study was aimed to determine the minimal fragment of PEDF, which maintains antiangiogenic and antitumor efficacy. We analyzed antigenicity, hydrophilicity, and charge distribution of the angioinhibitory epitope (the 34-mer) and designed three peptides covering its COOH terminus, P14, P18, and P23. We analyzed their ability to block endothelial cell chemotaxis and induce apoptosis in vitro and their antiangiogenic activity in vivo. The selected peptide was tested for the antitumor activity against mildly aggressive xenografted prostate carcinoma and highly aggressive renal cell carcinoma. To verify that P18 acts in the same manner as PEDF, we used immunohistochemistry to measure PEDF targets, vascular endothelial growth factor receptor 2, and CD95 ligand expression in P18-treated vasculature. P14 and P18 blocked endothelial cell chemotaxis; P18 and P23 induced apoptosis. P18 showed the highest IC50 and blocked angiogenesis in vivo: P23 was inactive and P14 was proangiogenic. P18 increased the production of CD95 ligand and reduced the expression of vascular endothelial growth factor receptor 2 by the endothelial cells in vivo. In tumor studies, P18 was more effective in blocking the angiogenesis and growth of the prostate cancer than parental 34-mer; in the renal cell carcinoma, P18 strongly decreased angiogenesis and halted the progression of established tumors.
P18 is a novel and potent antiangiogenic biotherapeutic agent that has potential to be developed for the treatment of prostate and renal cancer."
84,"To investigate the effect of liver X receptor agonist T0901317 on transforming growth factor-β1 (TGF-β1)-induced expression of α-smooth muscle actin (α-SMA) in normal human lung fibroblasts. Primary normal human lung fibroblast isolated from the lung specimens of lung cancer patients by explant culture technique were identified with immunostaining for vimentin and keratin. The cells in passages 4 to 10 were treated with T0901317 and/or TGF-β1, and RT-PCR, Western blotting and immunofluorescence assay were used to detect α-SMA expression in the fibroblasts. Lung fibroblast expressed vimentin but not keratin. The results of RT-PCR, Western blotting and immunofluorescence assay all showed that normal human lung fibroblasts constitutively expressed α-SMA under baseline condition, and TGF-β1 at 5 ng/ml induced a significant upregulation of α-SMA both at the mRNA and protein levels. Liver X receptor agonist T0901317 (5 µg/ml) significantly inhibited TGF-β1-induced upregulation of α-SMA expression.
Liver X receptor agonist T0901317 can inhibit the upregulation of α-SMA in normal human lung fibroblasts induced by TGF-β1, suggesting the potential value of liver X receptor agonist in the treatment of lung fibrosis."
85,"It has been proposed that alcohol might induce within the retina a state akin to dark adaptation. However, the evidence to support this proposal is quite indirect. Another possibility is that alcohol might affect retinal gain control rather than sensitivity. To investigate these proposals psychophysically, we measured dark adaptation functions and increment thresholds with the increment threshold procedure in individuals with moderate blood alcohol concentrations (BACs). Individuals were tested under both alcohol and no-alcohol conditions (BAC approximately .08%). In Experiment 1, thresholds for the detection of a parafoveal target were measured over a 25-minute period following a 3-minute bleach in six males. In Experiment 2, the cone dark adaptation function of four males was examined in more detail for a foveal target following bleaching at three different levels. In Experiment 3, we measured the thresholds of nine men for a small target superimposed on a background field that varied over 4 log units in luminance. We found no effects of alcohol on either the rod or the cone portion of the dark adaptation curve or on increment thresholds.
Together, these data indicate that moderate alcohol ingestion does not affect the recovery of visual sensitivity in the dark nor does it affect gain control at the retinal level."
86,"Osteopontin, an important immune modulator and oncogenic promoter, is upregulated in H. pylori-infected gastric mucosa. However, the underlying mechanisms and biological significance are poorly understood. We investigated whether osteopontin was upregulated in gastric epithelial cells by H. pylori and the virulence factors involved. Moreover, cellular component changes caused by osteopontin were also investigated. The gastric epithelial cell line MKN45 was cocultured with wild-type and mutant H. pylori to analyze osteopontin expression. Beta-catenin levels in cell lysate and interleukin-8 levels in supernatant were analyzed. The difference in osteopontin expression levels in both gastric epithelium and plasma was compared between H. pylori-infected patients and uninfected controls. H. pylori induced intracellular, but not secretory, osteopontin expression in MKN45 cells. Accordingly, osteopontin expression intensity in gastric epithelium was higher in H. pylori-infected patients than in controls, but osteopontin levels in plasma were similar between both patient groups. H. pylori virulence factor CagA delivered via the type IV secretion system was essential for intracellular osteopontin upregulation. H. pylori induced β-catenin accumulation and interleukin-8 secretion, whereas osteopontin knockdown completely abrogated these effects, in MKN45 cells. TLR2 antagonist abolished iOPN expression induced by H. pylori gastritis strain, but not by H. pylori cancer strain.
H. pylori is dependent on CagA translocation via the type IV secretion system to induce intracellular osteopontin expression in gastric epithelial cells. Upregulated intracellular osteopontin may promote gastric carcinogenesis via increased β-catenin accumulation and interleukin-8 secretion."
87,"Tissue factor pathway inhibitor (TFPI) is a potent inhibitor of tissue factor procoagulant activity produced as two alternatively spliced isoforms, TFPIalpha and TFPIbeta, which differ in domain structure and mechanism for cell surface association. 3' Rapid amplification of cDNA ends was used to search for new TFPI isoforms. TFPIgamma, a new alternatively spliced form of TFPI, was identified and characterized. The tissue expression, cell surface association and anticoagulant activity of TFPIgamma were characterized and compared to those of TFPIalpha and TFPIbeta through studies of mouse and human tissues and expression of recombinant proteins in Chinese hamster ovary (CHO) cells. TFPIgamma is produced by alternative splicing using the same 5'-splice donor site as TFPIbeta and a 3'-splice acceptor site 276 nucleotides beyond the stop codon of TFPIbeta in exon 8. The resulting protein has the first two Kunitz domains connected to an 18 amino acid C-terminal region specific to TFPIgamma. TFPIgamma mRNA is differentially produced in mouse tissues but is not encoded within the human TFPI gene. When expressed in CHO cells, TFPIgamma is secreted into conditioned media and effectively inhibits tissue factor procoagulant activity.
TFPIgamma is a third alternatively spliced form of TFPI that is widely expressed in mouse tissues but not made by human tissues. It contains the first two Kunitz domains and is a secreted, rather than a cell surface-associated, protein. It is a functional anticoagulant and may partially explain the resistance of mice to coagulopathy in tissue factor-mediated models of disease."
88,"Although dextran has been theorized to diminish the risk of stroke associated with carotid endarterectomy (CEA), variation exists in its use. We evaluated outcomes of dextran use in patients undergoing CEA to clarify its utility. We studied all primary CEAs performed by 89 surgeons within the Vascular Study Group of New England database (2003-2010). Patients were stratified by intraoperative dextran use. Outcomes included perioperative death, stroke, myocardial infarction (MI), and congestive heart failure (CHF). Group and propensity score matching was performed for risk-adjusted comparisons, and multivariable logistic and gamma regressions were used to examine associations between dextran use and outcomes. There were 6641 CEAs performed, with dextran used in 334 procedures (5%). Dextran-treated and untreated patients were similar in age (70 years) and symptomatic status (25%). Clinical differences between the cohorts were eliminated by statistical adjustment. In crude, group-matched, and propensity-matched analyses, the stroke/death rate was similar for the two cohorts (1.2%). Dextran-treated patients were more likely to suffer postoperative MI (crude: 2.4% vs 1.0%; P = .03; group-matched: 2.4% vs 0.6%; P = .01; propensity-matched: 2.4% vs 0.5%; P = .003) and CHF (2.1% vs 0.6%; P = .01; 2.1% vs 0.5%; P = .01; 2.1% vs 0.2%; P < .001). In multivariable analysis of the crude sample, dextran was associated with a higher risk of postoperative MI (odds ratio, 3.52; 95% confidence interval, 1.62-7.64) and CHF (odds ratio, 5.71; 95% confidence interval, 2.35-13.89).
Dextran use was not associated with lower perioperative stroke but was associated with higher rates of MI and CHF. Taken together, our findings suggest limited clinical utility for routine use of intraoperative dextran during CEA."
89,"We identified the far upstream element binding protein 1 (FBP1), an activator of transcription of the proto-oncogene c-myc, in a functional yeast survival screen for tumor-related antiapoptotic proteins and demonstrated strong overexpression of FBP1 in human hepatocellular carcinoma (HCC). Knockdown of the protein in HCC cells resulted in increased sensitivity to apoptotic stimuli, reduced cell proliferation, and impaired tumor formation in a mouse xenograft transplantation model. Interestingly, analysis of gene regulation in these cells revealed that c-myc levels were not influenced by FBP1 in HCC cells. Instead, we identified the cell cycle inhibitor p21 as a direct target gene repressed by FBP1, and in addition, expression levels of the proapoptotic genes tumor necrosis factor alpha, tumor necrosis factor-related apoptosis-inducing ligand, Noxa, and Bik were elevated in the absence of FBP1.
Our data establish FBP1 as an important oncoprotein overexpressed in HCC that induces tumor propagation through direct or indirect repression of cell cycle inhibitors and proapoptotic target genes."
90,"Very-low-density lipoprotein (VLDL) in vitro can induce foam cell formation in human mesangial cells. Lipoprotein lipase (LPL) expressed in the arterial wall plays a key role in atherogenesis by actions of enzymolysis and 'molecular bridge', and, thereby, leads to the formation of lipid-loaded foam cells. It is known that LPL is expressed by glomerular mesangial cells. This study was designed to investigate if LPL plays a role in VLDL-induced lipid accumulation in human mesangial cells and its underlying mechanism. Human wild-type LPL (hLPLwt), catalytically inactive LPL (hLPL194) or control alkaline phosphatase (hAP) were expressed in human mesangial cell line (HMCLs) via adenoviral vectors. Orlistat (tetrahydrolipstatin), a specific inhibitor of the lipoidolytic activity of endogenous LPL, and heparinase, which degrades cell-surface heparan sulfate proteoglycans, were also used to estimate the role of either the enzymolysis or 'molecular bridge' actions of LPL in the uptake of VLDL. Anti-low-density lipoprotein receptor (LDLr) antibody and anti-LDL receptor-related protein antibody were used to evaluate the effect of lipoprotein receptors on VLDL-induced lipid accumulation in HMCLs. Cellular lipid deposition was visualized by Oil Red O staining and analyzed quantitatively by standard enzymatic procedures. LPL protein expression and activity were measured by Western blot and a chemical analysis, respectively. VLDL induced triglyceride accumulation in HMCLs in a time- and dose-dependent manner. Compared with Ad-hAP transfected HMCLs, cellular triglyceride content increased 4.55-fold (p < 0.05) in Ad-hLPLwt-transfected HMCLs and 1.52-fold (p < 0.05) in Ad-hLPL194-transfected HMCLs. Triglyceride accumulation in response to VLDL was mostly blocked by orlistat. Pretreatment of the cells with heparinase slightly reduced cellular triglyceride accumulation in the present of high concentrations of VLDL. The blockade of some lipoprotein receptors, such as LDLr, did not significantly reduce cellular triglyceride accumulation. LPL expression was upregulated by VLDL.
VLDL-induced triglyceride accumulation in human mesangial cells is mainly mediated by LPL, and the enzymolysis action of LPL could be a major factor in this process. These results suggest that LPL may be an important factor participating in the initiation and progression of VLDL-mediated lipid renal injury."
91,"Despite recent advances in chemotherapeutic agents for Hepatocellular carcinoma (HCC) treatment, the results of chemotherapy remain unsatisfactory. Doxorubicin (DOX) still represents the cornerstone in HCC chemotherapy, but resistance and toxicity to normal cells are major obstacles to successful chemotherapy. Therefore, new active agents in HCC chemotherapy and agents that increase the chemosensitivity of HCC cells to DOX are still urgently required. Nutlin-3 is a small-molecule inhibitor that acts to inhibit murine double minute-2 (MDM2) binding to p53 or p73, and subsequently activates p53- or p73-dependent apoptosis signaling pathway. This study was designed to investigate whether Nutlin-3 alters cell toxicity to HCC cells following DNA damage and to assess the suitability of DOX/Nutlin-3 as a chemotherapeutic combination in HCC chemotherapy. Four human HCC cells were analyzed using cell proliferation assay, apoptosis assay, western blotting, co-immunoprecipitation and siRNA experiments. Anti-tumoral effects of Nutlin-3/DOX targeting the p53/MDM2 and p73/MDM2 pathways were evaluated in HCC cell lines. Nutlin-3 enhances the growth inhibition by DOX and potentates the apoptotic effect in all HCC cell lines with different p53 types. Nutlin-3 acts through the disruption of p53-MDM2 binding in HepG2, and the disruption of p73-MDM2 in Huh-7 and Hep3B cell lines with subsequent activation of the apoptotic pathway, which leads to the increase in chemosensitivity to DOX in HCC cells.
Taken together, our findings suggest that Nutlin-3 will be active in the treatment of HCC and offers new prospects for overcoming DOX resistance."
92,"DNA replication and transcription are dynamic processes regulating plant development that are dependent on the chromatin accessibility. Proteins belonging to the Agenet/Tudor domain family are known as histone modification ""readers"" and classified as chromatin remodeling proteins. Histone modifications and chromatin remodeling have profound effects on gene expression as well as on DNA replication, but how these processes are integrated has not been completely elucidated. It is clear that members of the Agenet/Tudor family are important regulators of development playing roles not well known in plants. Bioinformatics and phylogenetic analyses of the Agenet/Tudor Family domain in the plant kingdom were carried out with sequences from available complete genomes databases. 3D structure predictions of Agenet/Tudor domains were calculated by I-TASSER server. Protein interactions were tested in two-hybrid, GST pulldown, semi-in vivo pulldown and Tandem Affinity Purification assays. Gene function was studied in a T-DNA insertion GABI-line. In the present work we analyzed the family of Agenet/Tudor domain proteins in the plant kingdom and we mapped the organization of this family throughout plant evolution. Furthermore, we characterized a member from Arabidopsis thaliana named AIP1 that harbors Agenet/Tudor and DUF724 domains. AIP1 interacts with ABAP1, a plant regulator of DNA replication licensing and gene transcription, with a plant histone modification ""reader"" (LHP1) and with non modified histones. AIP1 is expressed in reproductive tissues and its down-regulation delays flower development timing. Also, expression of ABAP1 and LHP1 target genes were repressed in flower buds of plants with reduced levels of AIP1.
AIP1 is a novel Agenet/Tudor domain protein in plants that could act as a link between DNA replication, transcription and chromatin remodeling during flower development."
93,"The use of Echo Planar Imaging (EPI) techniques has extensively increased in the last few years. The technical improvements in new Magnetic Resonance Imaging (MRI) systems satisfy the instrumental requirements for these complex high-speed methods. The latest commercial systems are provided with standard EPI sequences. The increased data acquisition speed which characterizes EPI opens new and interesting perspectives, although the resolution is lower than the one typically achieved with conventional imaging. The description of the data sampling process in terms of the k-space is a powerful tool for planning or understanding complex sequence diagrams like EPI. The basic concepts of the method are reported and discussed, pointing out the most noteworthy feature of the k-space, i.e., its Fourier inverse yield to the image. A generic pulse sequence has been considered to explain the sampling of k-space trajectories. Examples of ultrafast imaging techniques are subsequently considered and discussed.
EPI improves the resolution time of MRI, which is an intrinsically slow imaging procedure. Images can be obtained in few tenth of a second so that MRI suits the short temporal range of many interesting physiological processes. Recently the main goal of functional Magnetic Resonance Imaging (fMRI) has been the study of brain activity related to local changes in brain hemodynamics. These changes cause MR signal intensity variations. In the last years, several brain activity studies have been performed by means of Positron Emission Tomography (PET) which involves the administration of radioactive substances; fMRI has the advantage that it is a noninvasive technique, although peripheral nerve stimulation effects should be considered."
94,"The mitotic kinesin KIF14 is overexpressed in multiple cancers including lung cancer. Therefore, we investigated KIF14 expression in association with clinical variables and the effect of KIF14 on in vitro colony formation in non-small-cell lung carcinoma. RNA was extracted from 129 untreated, resected tumors and KIF14 expression was quantified by real-time reverse transcription-PCR. Associations with clinical variables were determined by standard statistical methods. KIF14 expression was knocked down by small interfering RNA in H1299 and HeLa cells; proliferation and growth in soft agar were assayed. Squamous cell carcinoma had the highest KIF14 level, followed by large-cell undifferentiated carcinoma, then adenocarcinoma (P = 0.002). KIF14 level decreased with differentiation (P = 0.01) but was not associated with pathologic stage, T or N stage, or sex. When dichotomized about the median, KIF14 overexpression significantly decreased disease-free survival (Kaplan-Meier log-rank, P = 0.01) and trended toward decreasing overall survival (P = 0.08). In a univariate Cox proportional hazard regression, increasing KIF14 expression decreased disease-free survival [P = 0.01; hazard ratio, 1.44 (95% confidence interval, 1.09-1.91)]. In a multivariate Cox regression, including stage, differentiation, histology, and tumor purity as covariates, KIF14 overexpression remained an independent prognostic factor for disease-free survival [P = 0.01; hazard ratio, 1.45 (95% confidence interval, 1.09-1.94)]. Knockdown of KIF14 in non-small-cell lung carcinoma and cervical carcinoma cell lines decreased proliferation and colony formation in soft agar.
KIF14 expression is independently prognostic for disease-free survival in lung cancer and knockdown decreases tumorigenicity in vitro, showing that it is a clinically relevant oncogene and an exciting therapeutic target for further study."
95,"Cross-sectional studies suggest that the decline in insulin-like growth factor-I (IGF-1) levels with age may contribute to age-associated bone loss. However, prospective data on the relation between circulating IGF-I and bone loss in old age have not yet been reported. A longitudinal study (follow-up time 3.3 years) of the change of bone mineral density (BMD) at the lumbar spine and femoral neck in relation to serum IGF-I. A population-based sample of 173 elderly men and 107 postmenopausal women without medical conditions or medication known to significantly affect BMD or serum IGF-I levels. BMD at the lumbar spine and femoral neck at baseline and after a mean follow-up-time of 3.3 years, serum-IGF-I, insulin-like growth factor binding protein 3 (IGFBP-3), sex hormone-binding globulin (SHBG) and biologically available testosterone (BAT). In women, there was a graded negative relationship between quartiles of serum IGF-I and bone loss at the proximal femur (P = 0.04), which persisted after adjustment for potential covariables of bone loss and serum IGF-I. In subgroup analysis the association between serum IGF-I and change in BMD was only apparent in women more than 10 years past menopause (r = + 0,38, P = 0.01). No association between serum IGF-I levels and changes in BMD was observed in men. IGF-I levels were not associated with changes in spinal BMD.
Our data suggest that low circulating levels of IGF-I in elderly women are associated with greater femoral bone loss, and support previous findings of gender differences in the relation between serum IGF-I and BMD in older age."
96,"Our previous in vivo study in the rat demonstrates that Shenfu injection, a clinically used extract preparation from Chinese herbs, attenuates neural and cardiac toxicity induced by intravenous infusion of bupivacaine, a local anesthetic. This study was designed to investigate whether bupivacaine could induce a toxic effect in primary cultured mouse spinal cord neuron and if so, whether the Shenfu injection had a similar neuroprotective effect in the cell model. The spinal cords from 11- to 14-day-old fetal mice were minced and incubated. Cytarabine was added into the medium to inhibit the proliferation of non-neuronal cells. The immunocytochemical staining of beta-tubulin was used to determine the identity of cultured cells. The cultured neurons were randomly assigned into three sets treated with various doses of bupivacaine, Shenfu and bupivacaine + Shenfu, for 48 hours respectively. Cell viability in each group was analyzed by methyl thiazoleterazolium (MTT) assay. The viability of the cultured neurons treated with bupivacaine at concentrations of 0.01%, 0.02%, 0.04% and 0.08% was decreased in a dose-dependent manner. Although the Shenfu injection at concentrations ranging from 1/50 to 1/12.5 (V/V) had no significant influence on the viability of cultured neurons (P < 0.05 vs control), the injection significantly increased the cellular viability of cultured neurons pretreated with 0.03% bupivacaine (P < 0.05).
Although Shenfu injection itself has no effect on spinal neurons, it was able to reduce the bupivacaine-induced neurotoxicity in vitro."
97,"To assess the activity and tolerability of temozolomide in children with progressive low-grade gliomas (LGGs). The authors reviewed the records of 13 children (6 months to 19 years old) with progressive LGGs and magnetic resonance imaging evidence of unresectable tumors who were treated with temozolomide at the authors' institution since 1999. Four patients received a 5-day regimen of temozolomide (150 mg/m2 per day) repeated every 28 days, and nine patients received a 42-day regimen (75 mg/m2 per day) repeated every 56 days. Three patients demonstrated partial responses to temozolomide, with a median time to maximal response of 5 months (range 4-12 months), and one had a minor response at 9 months. Four patients developed progression while on temozolomide, with a median time to progression of 7 months (range 1-12 months). Five patients had disease stabilization. Among the five patients with prior chemotherapy and/or radiation therapy, temozolomide was associated with disease stabilization in three and tumor response in one. In the three patients with neurofibromatosis type 1, two patients experienced tumor responses and one disease stabilization. Thrombocytopenia, nausea, emesis, and fatigue were the most common toxicities. Four patients discontinued therapy because of the side effects.
Temozolomide is active in children with LGGs. It is effective in previously treated patients and in patients with neurofibromatosis type 1. The 42-day regimen appears less toxic than the 5-day regimen. Any impact on survival for these patients remains to be demonstrated."
98,"Although distinct patterns of homeobox (HOX) gene expression have been described in defined cytogenetic and molecular subsets of patients with acute myeloid leukemia (AML), it is unknown whether these patterns are the direct result of transcriptional alterations or rather represent the differentiation stage of the leukemic cell. To address this question, we used qPCR to analyze mRNA expression of HOXA and HOXB genes in bone marrow (BM) samples of 46 patients with AML and sorted subpopulations of healthy BM cells. These various stages of myeloid differentiation represent matched counterparts of morphological subgroups of AML. To further study the transcriptional alterations of HOX genes in hematopoiesis, we also analyzed gene expression of epigenetic modifiers in the subpopluations of healthy BM and leukemic cells. Unsupervised hierarchical clustering divided the AMLs into five clusters characterized by the presence of prevalent molecular genetic aberrations. Notably, the impact of genotype on HOX gene expression was significantly more pronounced than that of the differentiation stage of the blasts. This driving role of molecular aberrations was best exemplified by the repressive effect of the PML-RARa fusion gene on HOX gene expression, regardless of the presence of the FLT3/ITD mutation. Furthermore, HOX gene expression was positively correlated with mRNA levels of histone demethylases (JMJD3 and UTX) and negatively correlated with gene expression of DNA methyltranferases. No such relationships were observed in subpopulations of healthy BM cells.
Our results demonstrate that specific molecular genetic aberrations, rather than differentiation per se, underlie the observed differences in HOX gene expression in AML. Moreover, the observed correlations between epigenetic modifiers and HOX expression that are specific to malignant hematopoiesis, suggest their potential causal relationships."
99,"Leaves of succulent Peperomia obtusifolia (Piperaceae), and its related species, contain a large multilayered hypodermis (epidermis) subtended by a very small single-layered photosynthetic palisade parenchyma, the latter containing spherical aggregates of crystals called druses. Each druse is in a central vacuole surrounded by chloroplasts. All hypodermal cell walls are thin, except for thick lowermost periclinal walls associated with the upper periclinal walls of the subtending palisade cells. These thick walls display 'quilted' impressions (mounds) formed by many subtending palisade cells. Conspicuous depressions occur in most mounds, and each depression contains what appear to be many plasmodesmata. These depressions are opposite similar regions in adjacent thin palisade periclinal walls, and they can be considered special pit fields that represent thin translucent regions ('windows' or 'skylights'). Druses in the vacuoles of palisade cells occur below these pit field regions and are surrounded by conspicuous cytoplasmic chloroplasts with massive grana oriented perpendicular to the crystals, probably providing for an efficient photosynthetic system under low-intensity light. Leaf clearings and fractures, light microscopy and crossed polarizers, general and histochemical staining, and transmission and scanning electron microscopy were used to examine these structures. Druses in the vacuoles of palisade cells occur below the thin pit field regions in the wall interface, suggesting an interesting physical relationship that could provide a pathway for light waves, filtered through the multiple hypodermis. The light waves pass into the palisade cells and are collected and dispersed by the druses to surrounding chloroplasts with large grana.
These results imply an intriguing possible efficient photosynthetic adaptation for species growing in low-light environments, and provide an opportunity for future research on how evolution through environmental adaptation aids plants containing crystals associated with photosynthetic tissues to exist under low-light intensity and with other stresses."
